total_steps,total_reward,epsilon,total_q_values,total_loss
126,0.0,0.997732,0.0,0.0
301,1.0,0.994582,0.0,0.0
457,1.0,0.991774,0.0,0.0
669,2.0,0.987958,0.0,0.0
803,0.0,0.985546,0.0,0.0
1032,2.0,0.981424,0.0,0.0
1196,1.0,0.978472,0.0,0.0
1385,2.0,0.97507,0.0,0.0
1711,5.0,0.969202,0.0,0.0
1848,0.0,0.966736,0.0,0.0
2062,2.0,0.962884,0.0,0.0
2350,4.0,0.9577,0.0,0.0
2561,2.0,0.953902,0.0,0.0
2692,0.0,0.951544,0.0,0.0
2850,1.0,0.9487,0.0,0.0
3058,2.0,0.944956,0.0,0.0
3299,2.0,0.940618,0.0,0.0
3519,2.0,0.936658,0.0,0.0
3697,1.0,0.933454,0.0,0.0
3883,1.0,0.930106,0.0,0.0
4065,1.0,0.92683,0.0,0.0
4292,2.0,0.922744,0.0,0.0
4424,0.0,0.920368,0.0,0.0
4680,3.0,0.91576,0.0,0.0
4917,3.0,0.911494,0.0,0.0
5053,0.0,0.909046,0.0,0.0
5319,3.0,0.904258,0.0,0.0
5480,1.0,0.9013599999999999,0.0,0.0
5703,2.0,0.897346,0.0,0.0
5910,2.0,0.89362,0.0,0.0
6165,3.0,0.88903,0.0,0.0
6381,2.0,0.885142,0.0,0.0
6593,2.0,0.881326,0.0,0.0
6865,3.0,0.87643,0.0,0.0
7001,0.0,0.873982,0.0,0.0
7228,2.0,0.869896,0.0,0.0
7419,1.0,0.866458,0.0,0.0
7648,2.0,0.862336,0.0,0.0
7872,2.0,0.858304,0.0,0.0
8148,3.0,0.853336,0.0,0.0
8506,5.0,0.846892,0.0,0.0
8748,3.0,0.842536,0.0,0.0
9005,3.0,0.8379099999999999,0.0,0.0
9209,2.0,0.834238,0.0,0.0
9445,2.0,0.82999,0.0,0.0
9686,2.0,0.825652,0.0,0.0
9822,0.0,0.823204,0.0,0.0
9976,0.0,0.820432,0.0,0.0
10300,4.0,0.8146,0.0,0.0
10472,1.0,0.811504,0.0,0.0
10794,4.0,0.805708,0.0,0.0
10957,0.0,0.802774,0.0,0.0
11168,2.0,0.798976,0.0,0.0
11420,3.0,0.79444,0.0,0.0
11652,2.0,0.790264,0.0,0.0
11782,0.0,0.787924,0.0,0.0
12039,3.0,0.783298,0.0,0.0
12247,2.0,0.779554,0.0,0.0
12472,2.0,0.775504,0.0,0.0
12723,3.0,0.770986,0.0,0.0
12972,3.0,0.766504,0.0,0.0
13109,0.0,0.764038,0.0,0.0
13415,3.0,0.7585299999999999,0.0,0.0
13549,0.0,0.756118,0.0,0.0
13770,2.0,0.75214,0.0,0.0
13996,2.0,0.7480720000000001,0.0,0.0
14310,4.0,0.74242,0.0,0.0
14545,2.0,0.73819,0.0,0.0
14692,0.0,0.735544,0.0,0.0
15062,5.0,0.728884,0.0,0.0
15333,2.0,0.7240059999999999,0.0,0.0
15475,0.0,0.7214499999999999,0.0,0.0
15691,2.0,0.717562,0.0,0.0
15844,0.0,0.714808,0.0,0.0
16075,2.0,0.71065,0.0,0.0
16215,0.0,0.7081299999999999,0.0,0.0
16464,3.0,0.703648,0.0,0.0
16672,2.0,0.699904,0.0,0.0
16889,2.0,0.695998,0.0,0.0
17120,2.0,0.69184,0.0,0.0
17330,2.0,0.68806,0.0,0.0
17489,0.0,0.685198,0.0,0.0
17705,2.0,0.68131,0.0,0.0
17931,2.0,0.677242,0.0,0.0
18075,0.0,0.67465,0.0,0.0
18357,3.0,0.669574,0.0,0.0
18626,3.0,0.664732,0.0,0.0
18844,2.0,0.6608080000000001,0.0,0.0
19076,2.0,0.656632,0.0,0.0
19300,2.0,0.6526000000000001,0.0,0.0
19607,4.0,0.6470739999999999,0.0,0.0
19762,0.0,0.644284,0.0,0.0
19984,2.0,0.640288,0.0,0.0
20310,4.0,0.63442,0.0,0.0
20525,2.0,0.6305499999999999,0.0,0.0
20778,3.0,0.625996,0.0,0.0
21019,2.0,0.621658,0.0,0.0
21249,2.0,0.617518,0.0,0.0
21513,3.0,0.6127659999999999,0.0,0.0
21774,3.0,0.608068,0.0,0.0
22049,3.0,0.603118,0.0,0.0
22203,0.0,0.600346,0.0,0.0
22415,2.0,0.59653,0.0,0.0
22648,2.0,0.592336,0.0,0.0
22887,2.0,0.588034,0.0,0.0
23174,3.0,0.5828679999999999,0.0,0.0
23431,3.0,0.5782419999999999,0.0,0.0
23694,3.0,0.5735079999999999,0.0,0.0
23832,0.0,0.571024,0.0,0.0
24160,3.0,0.5651200000000001,0.0,0.0
24309,0.0,0.562438,0.0,0.0
24544,2.0,0.558208,0.0,0.0
24823,3.0,0.553186,0.0,0.0
25037,2.0,0.549334,0.0,0.0
25175,0.0,0.5468500000000001,0.0,0.0
25431,3.0,0.542242,0.0,0.0
25642,2.0,0.5384439999999999,0.0,0.0
25860,2.0,0.53452,0.0,0.0
26080,2.0,0.5305599999999999,0.0,0.0
26392,4.0,0.524944,0.0,0.0
26606,2.0,0.521092,0.0,0.0
26918,4.0,0.515476,0.0,0.0
27071,0.0,0.512722,0.0,0.0
27289,2.0,0.508798,0.0,0.0
27518,2.0,0.504676,0.0,0.0
27663,0.0,0.502066,0.0,0.0
27878,2.0,0.49819599999999997,0.0,0.0
28101,2.0,0.494182,0.0,0.0
28356,2.0,0.489592,0.0,0.0
28501,0.0,0.486982,0.0,0.0
28810,3.0,0.48141999999999996,0.0,0.0
29051,2.0,0.477082,0.0,0.0
29274,2.0,0.47306799999999993,0.0,0.0
29562,3.0,0.46788399999999997,0.0,0.0
29780,2.0,0.46396000000000004,0.0,0.0
30026,2.0,0.45953199999999994,0.0,0.0
30329,3.0,0.454078,0.0,0.0
30523,0.0,0.45058599999999993,0.0,0.0
30667,0.0,0.447994,0.0,0.0
30832,0.0,0.445024,0.0,0.0
30991,0.0,0.44216199999999994,0.0,0.0
31182,0.0,0.438724,0.0,0.0
31363,0.0,0.435466,0.0,0.0
31514,0.0,0.432748,0.0,0.0
31802,3.0,0.42756399999999994,0.0,0.0
32084,3.0,0.422488,0.0,0.0
32362,3.0,0.41748399999999997,0.0,0.0
32691,4.0,0.411562,0.0,0.0
32960,2.0,0.40671999999999997,0.0,0.0
33230,3.0,0.40186,0.0,0.0
33468,2.0,0.39757599999999993,0.0,0.0
33690,2.0,0.39357999999999993,0.0,0.0
33912,2.0,0.38958399999999993,0.0,0.0
34134,2.0,0.38558799999999993,0.0,0.0
34387,2.0,0.381034,0.0,0.0
34698,3.0,0.375436,0.0,0.0
34854,0.0,0.37262799999999996,0.0,0.0
35151,3.0,0.367282,0.0,0.0
35399,2.0,0.362818,0.0,0.0
35676,2.0,0.35783200000000004,0.0,0.0
35987,3.0,0.35223399999999994,0.0,0.0
36274,3.0,0.34706799999999993,0.0,0.0
36621,3.0,0.34082199999999996,0.0,0.0
36764,0.0,0.338248,0.0,0.0
36997,2.0,0.33405399999999996,0.0,0.0
37322,3.0,0.32820399999999994,0.0,0.0
37627,3.0,0.32271399999999995,0.0,0.0
37960,4.0,0.31672,0.0,0.0
38242,2.0,0.31164400000000003,0.0,0.0
38580,3.0,0.30555999999999994,0.0,0.0
38842,2.0,0.300844,0.0,0.0
39090,2.0,0.29638,0.0,0.0
39325,2.0,0.29215,0.0,0.0
39668,2.0,0.285976,0.0,0.0
39915,2.0,0.28152999999999995,0.0,0.0
40152,0.0,0.27726399999999995,0.0,0.0
40335,0.0,0.27396999999999994,0.0,0.0
40694,4.0,0.26750799999999997,0.0,0.0
40949,2.0,0.262918,0.0,0.0
41263,3.0,0.257266,0.0,0.0
41604,2.0,0.251128,0.0,0.0
41922,3.0,0.24540399999999996,0.0,0.0
42210,3.0,0.24022,0.0,0.0
42476,2.0,0.23543199999999997,0.0,0.0
42804,2.0,0.22952799999999995,0.0,0.0
42985,0.0,0.22626999999999997,0.0,0.0
43241,2.0,0.22166200000000003,0.0,0.0
43459,0.0,0.217738,0.0,0.0
43685,0.0,0.21367000000000003,0.0,0.0
44082,3.0,0.20652399999999993,0.0,0.0
44362,2.0,0.201484,0.0,0.0
44676,3.0,0.195832,0.0,0.0
44943,2.0,0.19102600000000003,0.0,0.0
45193,2.0,0.18652599999999997,0.0,0.0
45434,2.0,0.18218800000000002,0.0,0.0
45748,0.0,0.17653600000000003,0.0,0.0
46146,4.0,0.16937199999999997,0.0,0.0
46392,0.0,0.16494399999999998,0.0,0.0
46785,3.0,0.15786999999999995,0.0,0.0
47118,2.0,0.151876,0.0,0.0
47433,2.0,0.14620599999999995,0.0,0.0
47781,0.0,0.139942,0.0,0.0
48223,3.0,0.13198599999999994,0.0,0.0
48541,2.0,0.12626199999999999,0.0,0.0
48729,0.0,0.12287799999999993,0.0,0.0
49113,2.0,0.11596600000000001,0.0,0.0
49381,0.0,0.11114199999999996,0.0,0.0
49924,4.0,0.10136800000000001,0.0,0.0
50189,0.0,0.1,9.518066721874699e-05,3.925704782731342e-06
50604,2.0,0.1,0.0002233872050099218,1.059326356609601e-05
50882,3.0,0.1,0.0001413514719381539,5.279790014517446e-06
51265,3.0,0.1,0.00018924301884226202,6.174806036549734e-06
51594,2.0,0.1,0.0001891600213208143,7.690206349943669e-06
51798,2.0,0.1,0.0001122230861890205,2.46865600450274e-06
51920,0.0,0.1,7.220501114595653e-05,2.723558204736712e-06
52153,3.0,0.1,0.00012892720784020602,2.7671263684985916e-06
52489,0.0,0.1,0.00018600449776535465,6.014263127441802e-06
52899,6.0,0.1,0.0002364048814906067,6.5462846711097936e-06
53213,4.0,0.1,0.0001790006956118081,5.680058567341677e-06
53470,2.0,0.1,0.00015154275684372743,6.738700048615473e-06
53788,2.0,0.1,0.00018713107044332275,7.621789350605052e-06
54073,1.0,0.1,0.0001928031043863666,4.1200733748256106e-06
54195,0.0,0.1,8.495134152063024e-05,2.6311806373830184e-06
54450,1.0,0.1,0.00017232177944989026,5.264974947102326e-06
54865,3.0,0.1,0.00029218095807708475,1.408720482667993e-05
55176,2.0,0.1,0.0002186896814995094,5.212594547256332e-06
55344,1.0,0.1,0.0001253608358960925,3.7084310324052056e-06
55494,1.0,0.1,0.00010678283063322333,3.4245345441509234e-06
55861,3.0,0.1,0.00027373680741102233,7.985277455051048e-06
56245,2.0,0.1,0.0002820715434032606,8.417200109202967e-06
56546,0.0,0.1,0.0002442907866255106,5.703027769608254e-06
56976,4.0,0.1,0.00034238210659839235,6.452136962260311e-06
57333,2.0,0.1,0.00028654424938516753,6.365407502559088e-06
57633,3.0,0.1,0.00024359484634603278,4.1327512906450035e-06
57791,0.0,0.1,0.00014305969375686195,4.4009718218580825e-06
58116,2.0,0.1,0.0002839264592404654,6.292215566600538e-06
58321,0.0,0.1,0.00017792969920119682,3.301170264083096e-06
58517,0.0,0.1,0.00016796622281888007,2.2500547619139705e-06
58799,3.0,0.1,0.0002445750149211242,4.1140925310664195e-06
59097,0.0,0.1,0.00030012787869007374,3.570001633867958e-06
59302,1.0,0.1,0.00020480823710428627,3.554932483981293e-06
59527,1.0,0.1,0.00021858996785001253,3.2889363765084546e-06
59690,0.0,0.1,0.00016400217760306225,2.1196304096012787e-06
59917,1.0,0.1,0.0002267429419567543,4.889481617815129e-06
60169,2.0,0.1,0.0002593365111467748,3.041557221757621e-06
60319,1.0,0.1,0.0001542518502487764,1.9636262205493364e-06
60562,3.0,0.1,0.00026388865202052177,5.587999477192882e-06
60810,1.0,0.1,0.0002630529153643029,3.6961060151896913e-06
61295,4.0,0.1,0.0005071750401633726,4.771606344341441e-06
61446,0.0,0.1,0.00016842944735417247,1.3573421376825415e-06
61653,2.0,0.1,0.000236074510650167,5.728832789828948e-06
61877,0.0,0.1,0.0002477102250514346,3.7083182306491597e-06
62107,3.0,0.1,0.0002530203350906216,3.3659806074206998e-06
62279,1.0,0.1,0.0001876538145027056,2.2758020340672094e-06
62662,2.0,0.1,0.0004207268692578013,4.49186809319548e-06
62860,1.0,0.1,0.00022111808726486414,2.394152268739239e-06
63109,1.0,0.1,0.00027219819989337613,3.1487050608045514e-06
63409,1.0,0.1,0.00033185868234743743,4.7468807656245104e-06
63538,0.0,0.1,0.00013967734191966218,2.0282769511448723e-06
63882,3.0,0.1,0.00039020426838919217,5.1981925301038465e-06
64197,3.0,0.1,0.0003698334695097126,3.834511278330971e-06
64337,0.0,0.1,0.00016762916076460695,3.2184609532290355e-06
64577,0.0,0.1,0.0002844862768316556,4.703175400757292e-06
64746,1.0,0.1,0.00019886390171505283,3.0222430974757276e-06
64944,2.0,0.1,0.00023209642280231822,2.919972056852066e-06
65257,2.0,0.1,0.00038149607081624956,5.031479362369186e-06
65524,3.0,0.1,0.00032492888506119175,3.885970278333021e-06
65742,2.0,0.1,0.00026444483862668553,4.8308418315360035e-06
65896,0.0,0.1,0.000186769039621917,1.6273322620072373e-06
66189,1.0,0.1,0.00035090114872984634,4.177375080493353e-06
66358,1.0,0.1,0.0002007562972641382,1.7327846123444303e-06
66655,2.0,0.1,0.0003557434368004776,5.99579513547916e-06
66857,1.0,0.1,0.00024316549525811603,2.7387942724504834e-06
67085,1.0,0.1,0.0002705112360642743,2.812884921306214e-06
67207,0.0,0.1,0.00014162644151260813,1.931963781839326e-06
67420,1.0,0.1,0.000256520484081541,2.879529330413046e-06
67667,3.0,0.1,0.0002980240827081213,3.311915767507507e-06
68015,2.0,0.1,0.0004340268970017818,6.057971821043884e-06
68151,0.0,0.1,0.00016849048655321133,2.210318969011071e-06
68420,2.0,0.1,0.0003336078083609252,3.160868843533498e-06
68609,2.0,0.1,0.0002272540142279393,1.2010925580224205e-06
68778,1.0,0.1,0.00020769531390795154,3.3113012666993605e-06
68976,2.0,0.1,0.0002523705586220709,2.6352228209177394e-06
69126,1.0,0.1,0.00018334491902423036,1.619443361786857e-06
69248,0.0,0.1,0.00015603157161440625,1.7407068693952446e-06
69531,2.0,0.1,0.0003455737587072809,3.246610635397264e-06
69836,5.0,0.1,0.0003822745339342925,5.034480640583467e-06
70057,1.0,0.1,0.00027435460799797796,4.152220828879899e-06
70277,1.0,0.1,0.0002765892729255829,2.679782784340347e-06
70612,3.0,0.1,0.00041649217523677905,2.9110020161890796e-06
70782,1.0,0.1,0.00020847600576031532,1.6590031579236626e-06
71008,2.0,0.1,0.0002814511205697178,2.674382563137912e-06
71190,0.0,0.1,0.0002256183506046257,2.804246703255244e-06
71420,2.0,0.1,0.0002962382905158099,3.6775024405827492e-06
71702,4.0,0.1,0.0003644403689828884,4.115153123905508e-06
71843,0.0,0.1,0.00018180575555037554,3.502109760718646e-06
72140,2.0,0.1,0.00038938185647811657,5.282721565332066e-06
72367,2.0,0.1,0.0002882579141514004,3.499783439512006e-06
72709,2.0,0.1,0.0004364679165943912,4.381138149260481e-06
72987,2.0,0.1,0.0003491030953636589,3.4730379095572492e-06
73232,2.0,0.1,0.000312003106617865,3.2084084625239683e-06
73404,1.0,0.1,0.00021565086016193228,2.104291353984659e-06
73637,2.0,0.1,0.0002913655990711602,3.4769156191054117e-06
73797,0.0,0.1,0.00020091258313388767,1.8893289807441262e-06
74177,2.0,0.1,0.0004792275321032501,4.039357996419608e-06
74337,0.0,0.1,0.00020176784243032607,1.8197404125255354e-06
74532,1.0,0.1,0.00024488560868584004,2.1806812637684656e-06
74802,3.0,0.1,0.0003366014150460038,3.266802529331426e-06
75138,3.0,0.1,0.0004266862830360784,4.169826778434548e-06
75335,2.0,0.1,0.000253628667367591,1.417690255030455e-06
75494,0.0,0.1,0.00020797857923166867,1.3761386136908886e-06
75754,3.0,0.1,0.00033528972229755023,2.1485467660246083e-06
76052,4.0,0.1,0.00038727335108704,3.644671257459156e-06
76457,2.0,0.1,0.0005349767921886367,5.267932408592817e-06
76890,3.0,0.1,0.0005845896730126539,5.084041221868575e-06
77053,0.0,0.1,0.0002212016978208221,2.26227627302624e-06
77305,2.0,0.1,0.00034264943692379,4.381988008916783e-06
77660,3.0,0.1,0.00048285853899602817,5.080217184954855e-06
78018,3.0,0.1,0.0004951201358098558,5.435173436186755e-06
78168,0.0,0.1,0.00020964328543140168,1.9850555784513426e-06
78472,3.0,0.1,0.0004193616172858779,4.0916064388124755e-06
78779,2.0,0.1,0.0004148848940145564,2.8921212994379847e-06
79291,8.0,0.1,0.000713493785637329,5.631223950776473e-06
79459,1.0,0.1,0.0002366139019991918,2.915438721034326e-06
79796,3.0,0.1,0.00047341186012252005,3.749600392015726e-06
80089,1.0,0.1,0.00040913159963448727,3.6833596158351913e-06
80230,0.0,0.1,0.0001999073940575695,1.9236324291411647e-06
80502,3.0,0.1,0.0003858990442506725,2.775525468660563e-06
80624,0.0,0.1,0.00017515488492340103,1.2964196740111114e-06
80875,3.0,0.1,0.0003491886266416523,1.7646803602772404e-06
80997,0.0,0.1,0.000174457106482596,2.096860048222593e-06
81220,2.0,0.1,0.0003189635541720274,3.521040498698306e-06
81465,2.0,0.1,0.00034047759809173846,2.32961045758839e-06
81768,2.0,0.1,0.0004277840637930941,4.666594949088875e-06
82071,2.0,0.1,0.00041977488672576,3.3478065979133985e-06
82370,3.0,0.1,0.0004199850279916993,4.263289204511141e-06
82648,2.0,0.1,0.00039802965376421187,4.5428142453308365e-06
82789,0.0,0.1,0.0001998204242885217,1.5912381773512114e-06
83025,2.0,0.1,0.00033898325972943306,2.5770735653127974e-06
83399,4.0,0.1,0.0005301542140681129,4.687483915353263e-06
83708,4.0,0.1,0.0004401628805447532,2.85326237810699e-06
84009,3.0,0.1,0.0004280232323464901,3.654530061676249e-06
84131,0.0,0.1,0.00017026519495118222,1.10703060236965e-06
84293,0.0,0.1,0.00023391968425304834,2.0367775732760315e-06
84503,2.0,0.1,0.0002952157589136061,3.0680477486662317e-06
84761,2.0,0.1,0.000367102985799167,2.2421195507220224e-06
84897,0.0,0.1,0.00018944442451217157,1.358073961388805e-06
85116,0.0,0.1,0.0003118250681676219,2.049835076760162e-06
85349,1.0,0.1,0.00033459071744356935,2.857864334167093e-06
85537,0.0,0.1,0.000270024507644489,2.7319493342639394e-06
85659,0.0,0.1,0.00017064276371058532,6.981370949041993e-07
85985,2.0,0.1,0.00046860223357993695,4.994947360665526e-06
86136,1.0,0.1,0.00021641070717410966,2.415831781582798e-06
86407,3.0,0.1,0.00038330575684131295,3.034206739425642e-06
86542,0.0,0.1,0.00019560636387454063,1.665496735624818e-06
86710,1.0,0.1,0.00024091322733283305,1.327021979790298e-06
86944,1.0,0.1,0.00034062776928455633,3.6896772603679656e-06
87257,2.0,0.1,0.00044596865198549016,5.096445062699189e-06
87441,1.0,0.1,0.00026190312474959576,1.838665819350928e-06
87621,1.0,0.1,0.0002563738305670924,1.2742317804570858e-06
88139,6.0,0.1,0.0007285533243200594,5.0099827319229445e-06
88459,4.0,0.1,0.0004516070307020073,4.494950123480199e-06
88625,0.0,0.1,0.00023542988418019542,1.3386785982048425e-06
89000,3.0,0.1,0.0005290645240397935,6.191194558131214e-06
89346,2.0,0.1,0.00048253848997647266,2.88821666513978e-06
89575,1.0,0.1,0.0003184762744307352,1.7469557592495796e-06
89754,2.0,0.1,0.00025284808668395473,2.32074076786064e-06
89928,0.0,0.1,0.00024409927066540487,1.8927389871075645e-06
90097,1.0,0.1,0.00023577414190141904,1.3283710646761349e-06
90419,3.0,0.1,0.00045876704100943164,4.208077186734269e-06
90731,3.0,0.1,0.0004487994942225372,4.908002087501951e-06
90873,0.0,0.1,0.0002034226091758138,1.0446502195183146e-06
91085,2.0,0.1,0.00030231023977333793,4.019790069434151e-06
91385,3.0,0.1,0.00042339886226884683,1.9377026860311893e-06
91671,3.0,0.1,0.00040320848935150117,2.0482251021217164e-06
91888,1.0,0.1,0.00031147367802102994,1.8734310598864158e-06
92104,1.0,0.1,0.000308611028916952,3.1826185459048388e-06
92369,3.0,0.1,0.0003709134986986552,2.843495472498091e-06
92585,1.0,0.1,0.000315793660673704,3.1656077601738484e-06
92741,0.0,0.1,0.00023304859143319652,1.001854750483243e-06
93038,4.0,0.1,0.0004468468445929373,4.376510226993959e-06
93170,0.0,0.1,0.0001971726760698437,1.6006965968217824e-06
93327,0.0,0.1,0.00023575701938831765,2.200846461111606e-06
93542,1.0,0.1,0.00032181249713732543,2.8232782391569265e-06
93726,0.0,0.1,0.00027728087744914197,2.8404355682330334e-06
94191,3.0,0.1,0.000690191068822529,4.452341722342964e-06
94321,0.0,0.1,0.00019635336490152693,1.3177111534186545e-06
94538,2.0,0.1,0.0003181495040862565,1.7086941091613246e-06
94797,2.0,0.1,0.0003833233419195985,3.0138223755442824e-06
95121,4.0,0.1,0.00048068133664879847,3.868166815268004e-06
95409,1.0,0.1,0.0004296038891689412,2.2951361135779457e-06
95748,2.0,0.1,0.0005084503952978886,3.926476729857208e-06
95937,1.0,0.1,0.0002818169236892679,2.4645549032672076e-06
96291,2.0,0.1,0.000521501511980067,4.23229432905102e-06
96635,3.0,0.1,0.0005044617211016236,3.3425883678471175e-06
96781,0.0,0.1,0.00021861369196878708,2.2691732417770355e-06
96953,0.0,0.1,0.00025456640402723546,3.1313822177599634e-06
97170,1.0,0.1,0.00031529411779358346,2.0944013596575176e-06
97325,1.0,0.1,0.0002305914177981557,2.702738487370439e-06
97447,0.0,0.1,0.0001755340793669161,2.1064705730224107e-06
97569,0.0,0.1,0.00018064017411614672,1.1832185646925538e-06
97753,0.0,0.1,0.00027351286810474874,2.7365073325311903e-06
97979,2.0,0.1,0.00033302674518214905,2.5751054338595003e-06
98160,1.0,0.1,0.00027155094607729394,1.770041891440752e-06
98414,2.0,0.1,0.0003703301287764304,2.0157024214063258e-06
98696,3.0,0.1,0.00041811018783616954,4.153567097969598e-06
99093,4.0,0.1,0.0005962093014322661,4.616964797361254e-06
99215,0.0,0.1,0.00018149277426534103,1.912146493572434e-06
99441,1.0,0.1,0.00034495334112831565,2.5997415685868463e-06
99582,0.0,0.1,0.00021075564220295387,1.2244634622262579e-06
99851,2.0,0.1,0.000401278922038998,2.2484759040711995e-06
99973,0.0,0.1,0.00018584781601531223,2.0036616110789216e-06
100144,1.0,0.1,0.0002581619439290381,1.083889401088893e-06
100331,0.0,0.1,0.00027498656423442325,2.0725167756139443e-06
100762,4.0,0.1,0.0006488813821037288,5.6744762294599945e-06
101040,2.0,0.1,0.0004183841006489661,2.7214170989455686e-06
101269,1.0,0.1,0.00034134749285865345,3.289379012032163e-06
101391,0.0,0.1,0.00018011198652761662,8.850001374331233e-07
101548,0.0,0.1,0.00024024360772590157,1.6448503465659362e-06
101670,0.0,0.1,0.00018063688730787854,1.350201793709081e-06
101989,4.0,0.1,0.00047805513223967626,2.44493722935945e-06
102249,3.0,0.1,0.0003878324875618343,2.5193046085313094e-06
102547,3.0,0.1,0.00043884572421819604,2.4029008713196366e-06
102793,1.0,0.1,0.0003648819689883202,2.5596124008608266e-06
103041,3.0,0.1,0.00036403926935957726,1.7944824688980858e-06
103248,0.0,0.1,0.0003027366934664283,2.0182673393729745e-06
103389,0.0,0.1,0.0002032095742641425,1.4083240314279797e-06
103629,2.0,0.1,0.0003498161959173499,2.140648588405678e-06
103809,1.0,0.1,0.00026654300165681206,2.4017709694542753e-06
103931,0.0,0.1,0.00018270608132732317,1.3381146869416006e-06
104155,0.0,0.1,0.00033756048553109334,2.421456101327595e-06
104434,0.0,0.1,0.0004201845277179207,3.147657018984799e-06
104615,1.0,0.1,0.00026927608231915197,2.292370177910276e-06
104896,2.0,0.1,0.00042410762474859103,2.51612365925262e-06
105175,2.0,0.1,0.0004156268552558451,2.128859079212246e-06
105301,0.0,0.1,0.00019389307454441092,1.685051442974368e-06
105567,2.0,0.1,0.0004010899814903576,3.3602225113229276e-06
105860,2.0,0.1,0.00044811966681376807,2.8595264869316906e-06
106105,3.0,0.1,0.0003656663143479191,1.5579850328558144e-06
106256,1.0,0.1,0.00022938439392250105,1.5683993047668627e-06
106378,0.0,0.1,0.00017982841963453246,8.381844279666978e-07
106586,2.0,0.1,0.0003140256656882011,1.4595485416797575e-06
106907,3.0,0.1,0.0004827925825430793,3.838245197669346e-06
107164,2.0,0.1,0.00039138468034207537,2.6633033778322364e-06
107461,3.0,0.1,0.0004438814643998804,3.5242844419623045e-06
107749,2.0,0.1,0.0004310412753610664,2.6490220807957926e-06
107952,2.0,0.1,0.0003039756000519011,2.3450980063803055e-06
108137,0.0,0.1,0.00027456410575839253,1.9158723376102666e-06
108348,0.0,0.1,0.00031592564463206127,2.5321739965507973e-06
108654,4.0,0.1,0.0004502565558989285,3.0461649215450253e-06
108776,0.0,0.1,0.00018278815248411106,1.255079659581513e-06
109157,0.0,0.1,0.0005567751289253819,3.8902110573058875e-06
109537,3.0,0.1,0.0005533267491221002,4.94598714818046e-06
109821,2.0,0.1,0.00041381975416091997,3.527316863422765e-06
109944,0.0,0.1,0.00018089672372060634,7.814977056102124e-07
110145,0.0,0.1,0.000296517669372614,2.5701198884498917e-06
110315,1.0,0.1,0.00024966320349407967,1.801144045247215e-06
110594,1.0,0.1,0.00041700743062932907,2.778378484129217e-06
110796,1.0,0.1,0.00030274954684491044,1.860271753701468e-06
110986,1.0,0.1,0.0002776669025885151,2.484834729612683e-06
111293,1.0,0.1,0.00045527615522801253,3.149036090740613e-06
111416,0.0,0.1,0.00018559594902722108,1.4664196564864497e-06
111642,3.0,0.1,0.00033627999813169154,2.208641198561789e-06
111892,3.0,0.1,0.0003786881842858858,4.142549294464882e-06
112335,3.0,0.1,0.0006561104926692844,5.810895152551877e-06
112493,0.0,0.1,0.0002370858094315251,1.0287639356212308e-06
112662,0.0,0.1,0.00024644704731520027,1.5014663763108716e-06
112829,0.0,0.1,0.0002439506581416871,1.0828577630401636e-06
113104,1.0,0.1,0.00039909455083623634,2.8111470636708588e-06
113409,3.0,0.1,0.00044305432412419365,3.1987029068617837e-06
113761,4.0,0.1,0.0005070871622382318,2.183743196804661e-06
113911,1.0,0.1,0.0002118200334490563,1.2156139984161661e-06
114201,2.0,0.1,0.0004164119441991863,3.1442520452069718e-06
114471,2.0,0.1,0.0003794209973847573,2.045086602330973e-06
114656,1.0,0.1,0.000266067086901706,1.7884329500384678e-06
114806,1.0,0.1,0.00020937146520480884,1.3135421189134068e-06
115017,1.0,0.1,0.00029860952977415193,1.9401849742164364e-06
115246,0.0,0.1,0.0003174034373021214,2.8396214822927203e-06
115616,2.0,0.1,0.0005158766085442301,3.08853755759425e-06
115790,1.0,0.1,0.00023696488363877285,7.933382385779868e-07
116061,2.0,0.1,0.00037488969085314324,3.5642086722198087e-06
116546,5.0,0.1,0.0006717575291330563,4.864848121807309e-06
116974,5.0,0.1,0.0005927582982687624,4.8283950632987475e-06
117169,2.0,0.1,0.00026917047512168164,8.822814410514589e-07
117482,3.0,0.1,0.00043101254292222474,3.1209004262335004e-06
117604,0.0,0.1,0.00017173214745900246,1.1642068706536155e-06
117905,3.0,0.1,0.0004158400189031814,3.3072472649237235e-06
118081,1.0,0.1,0.0002464583739813108,2.9631280409423383e-06
118376,2.0,0.1,0.00040773401207929366,2.5060292291429616e-06
118555,0.0,0.1,0.00024162123865009556,9.100345660598194e-07
118677,0.0,0.1,0.00017008002695912777,5.748561814725725e-07
118801,0.0,0.1,0.0001706453034205896,1.0226551997234195e-06
119142,1.0,0.1,0.0004746567974643528,4.187177967784462e-06
119378,2.0,0.1,0.00032797305050988134,2.325248741757446e-06
119683,2.0,0.1,0.0004184966166705932,2.416973200906637e-06
119913,0.0,0.1,0.00032056093038986975,2.2949224350857337e-06
120046,0.0,0.1,0.0001819642160157398,1.5604441624301064e-06
120217,0.0,0.1,0.00023437728879218068,2.116016989091767e-06
120377,0.0,0.1,0.00021575945030947031,1.3900205049675137e-06
120647,4.0,0.1,0.00036196991241389185,1.9037014055900645e-06
120809,0.0,0.1,0.00022163739212024513,1.3540898678284262e-06
121157,3.0,0.1,0.00046598544773681234,2.97198288497914e-06
121512,4.0,0.1,0.00048131721600840126,3.169116589766854e-06
121713,1.0,0.1,0.00026983741493049896,1.8345731495288995e-06
121921,2.0,0.1,0.0002789577395240882,1.4319270635277596e-06
122193,0.0,0.1,0.0003645308233744076,1.670992252736642e-06
122374,2.0,0.1,0.00024151667339560552,1.9473152875509048e-06
122612,1.0,0.1,0.0003231789876527002,1.5246984877902486e-06
122821,0.0,0.1,0.0002808730830218042,1.766620031786306e-06
123066,2.0,0.1,0.00032800671792093493,1.6828061343611052e-06
123220,0.0,0.1,0.00020867063422188358,7.432655503798671e-07
123505,2.0,0.1,0.0003823883504231668,3.1605050737854386e-06
123853,1.0,0.1,0.00046648265382733873,3.5560995976788586e-06
124065,2.0,0.1,0.00028897641537503014,1.642346774845333e-06
124290,1.0,0.1,0.0003072169806512404,2.5028384791607134e-06
124492,2.0,0.1,0.00027716995823434275,1.504508622763441e-06
124785,3.0,0.1,0.00039589756330045395,2.682617145430548e-06
124977,0.0,0.1,0.0002602797397120057,1.1340503076524586e-06
125099,0.0,0.1,0.00016725461787307056,7.579583849168481e-07
125510,5.0,0.1,0.0005828767081730186,4.9185606011874005e-06
125648,0.0,0.1,0.00019619124517552522,7.54169945654438e-07
125913,3.0,0.1,0.000370505269123847,2.5048149399693574e-06
126083,1.0,0.1,0.00023490381446203559,2.068242494832409e-06
126442,2.0,0.1,0.0005112470664256372,3.419434062046814e-06
126741,0.0,0.1,0.0004305310216446146,2.6050703838175444e-06
127041,3.0,0.1,0.00043076702416045893,2.8453083791732438e-06
127238,2.0,0.1,0.00028227792322625347,1.7494696617995912e-06
127418,0.0,0.1,0.00025615338640438,8.978590737262574e-07
127668,2.0,0.1,0.000360260343168427,2.829614225096206e-06
127869,1.0,0.1,0.00028621524397337485,1.7357636907661345e-06
128181,2.0,0.1,0.0004468800765247265,3.355953995057261e-06
128377,2.0,0.1,0.0002796615751551994,2.4013785639562835e-06
128523,0.0,0.1,0.00020307238011450584,8.218140860652762e-07
128768,0.0,0.1,0.0003522084766691532,2.1992564536241313e-06
128890,0.0,0.1,0.0001700033744946972,5.746002998065677e-07
129012,0.0,0.1,0.00017734672274178685,1.421035476206173e-06
129197,1.0,0.1,0.0002614509571528401,1.8927714051252832e-06
129457,2.0,0.1,0.0003693354687176206,2.190650953710525e-06
129659,2.0,0.1,0.000282018293924099,1.6292806243168634e-06
129890,1.0,0.1,0.0003300972399328715,2.2280823693038457e-06
130277,4.0,0.1,0.0005417926261879192,4.92343381069361e-06
130579,3.0,0.1,0.00041166112537953847,2.258731983408278e-06
130853,1.0,0.1,0.0003789659729967981,2.6281386764601434e-06
131163,3.0,0.1,0.00042323970349698067,2.5331813082824047e-06
131383,2.0,0.1,0.0002977677286712409,1.501104108449143e-06
131722,4.0,0.1,0.00045575861962631,2.924400886531157e-06
131844,0.0,0.1,0.0001661406375551639,8.952760545701854e-07
132092,0.0,0.1,0.0003315273596647488,2.4435872095882363e-06
132258,0.0,0.1,0.00022014521137748587,1.6034513104023552e-06
132505,0.0,0.1,0.0003299698119460221,1.8450622706840499e-06
132765,0.0,0.1,0.0003413274423490562,2.019347433132313e-06
132996,2.0,0.1,0.00030412380650669563,2.5381368198251026e-06
133118,0.0,0.1,0.00015709433006615942,7.728517663311866e-07
133336,1.0,0.1,0.00028797445635836503,2.2825603192634456e-06
133772,3.0,0.1,0.0005677103803791084,3.5661000350803117e-06
134079,4.0,0.1,0.00039566728097310507,2.5173926449429453e-06
134307,1.0,0.1,0.0002961967673571488,1.300703382663438e-06
134497,0.0,0.1,0.00025105082004996695,1.984208965548111e-06
134665,1.0,0.1,0.00021849113722912996,2.1910494402062056e-06
134897,1.0,0.1,0.00030130064998150976,2.2776898862569294e-06
135192,4.0,0.1,0.0003883133804567453,2.876055141923518e-06
135315,0.0,0.1,0.00015719617694496285,3.4867699270316564e-07
135602,1.0,0.1,0.000377199201147401,1.883579617524322e-06
135943,3.0,0.1,0.0004448929182227025,3.022092040231035e-06
136141,0.0,0.1,0.00026257100671538743,1.84264292831613e-06
136313,1.0,0.1,0.00022360642456051104,1.680116455804091e-06
136577,3.0,0.1,0.0003439350887785333,2.8141797709027484e-06
136918,2.0,0.1,0.00043987219965993025,3.0049183092489765e-06
137116,2.0,0.1,0.000259156298090013,1.48510448249949e-06
137336,2.0,0.1,0.0002840068446268413,2.637449599277573e-06
137735,5.0,0.1,0.0005049943928277683,3.2627570715431846e-06
137956,2.0,0.1,0.0002832253636901558,1.5867641312436952e-06
138078,0.0,0.1,0.0001514914816643089,6.302489207111556e-07
138200,0.0,0.1,0.00015596148721043522,9.528430531079131e-07
138416,2.0,0.1,0.0002725016631021512,1.2447026389774944e-06
138864,5.0,0.1,0.000563335678471386,3.343322761860665e-06
139003,0.0,0.1,0.00017354903889682803,9.078355731976639e-07
139211,1.0,0.1,0.0002646632696186082,1.6996795298759326e-06
139501,3.0,0.1,0.0003689552541095328,2.1585577257449615e-06
139699,1.0,0.1,0.00024730670516885634,9.55410406689989e-07
139865,1.0,0.1,0.00021362752750442957,1.5800981385824981e-06
140051,1.0,0.1,0.0002341632613163621,1.2617329814780373e-06
140253,2.0,0.1,0.0002530890151195468,3.9019011488193003e-07
140596,4.0,0.1,0.0004268094751857864,2.3918518677287506e-06
140952,2.0,0.1,0.0004427141244968036,2.8892588309732755e-06
141240,1.0,0.1,0.00035563160933573164,2.341263320597872e-06
141372,0.0,0.1,0.00016386944538054177,8.279310179153034e-07
141704,3.0,0.1,0.0004189603574553383,4.061323539439406e-06
141934,2.0,0.1,0.00028440629387589894,1.2255149356491614e-06
142119,1.0,0.1,0.00023077876500786975,1.994136824421413e-06
142291,1.0,0.1,0.0002148263493360755,1.7551908018048966e-06
142502,2.0,0.1,0.00026343439027245216,1.6658702456247285e-06
142653,0.0,0.1,0.0001876360660461604,1.3825432047227414e-06
142969,2.0,0.1,0.0003902578023025174,2.2609616273764755e-06
143297,1.0,0.1,0.00040295216653144314,1.759061073219407e-06
143727,4.0,0.1,0.0005269363540465695,3.4456375738197952e-06
143956,3.0,0.1,0.0002788989065739435,8.199772602458191e-07
144093,0.0,0.1,0.00016336697364872203,9.700249452230498e-07
144241,0.0,0.1,0.00017870950295209906,9.75410208532499e-07
144415,1.0,0.1,0.00020781595101132145,1.511825322625743e-06
144771,1.0,0.1,0.00042968280801010834,2.9184947404228787e-06
145104,4.0,0.1,0.0004042813036628195,2.4804801896742525e-06
145324,1.0,0.1,0.00026641184982577944,2.2081832083123717e-06
145581,2.0,0.1,0.0003090847046313812,2.0697127747133223e-06
145970,1.0,0.1,0.00046575301565878634,3.234057316863905e-06
146129,0.0,0.1,0.00019120232303467113,1.2292573336221897e-06
146251,0.0,0.1,0.00014398198795444455,1.3401114067735217e-06
146522,3.0,0.1,0.00032468358758082935,1.7546412006942367e-06
146644,0.0,0.1,0.0001489648099116135,1.2390326383657447e-06
146823,0.0,0.1,0.00020911740940712591,5.900085150818205e-07
147043,1.0,0.1,0.00026309666087479005,1.5208217385294456e-06
147298,3.0,0.1,0.0003049004700106531,2.335179974675797e-06
147573,3.0,0.1,0.0003294335614239607,2.6568974318312566e-06
147825,2.0,0.1,0.000297078828651974,1.8167846048990102e-06
148053,0.0,0.1,0.00026938260166426667,2.6437196459087404e-06
148222,0.0,0.1,0.0001973318402358713,9.508958955979177e-07
148469,3.0,0.1,0.00028978557323760564,1.8999619770818806e-06
148665,1.0,0.1,0.0002309166117753374,1.2246777226182927e-06
148839,1.0,0.1,0.0002039287688258174,1.27862920973589e-06
149129,4.0,0.1,0.00034718315157010915,1.5344462085592274e-06
149392,4.0,0.1,0.0003149537362626703,1.6932924231925629e-06
149559,0.0,0.1,0.00019361316515703874,1.3096433794371696e-06
149681,0.0,0.1,0.00014787241821000567,8.914609875450157e-07
149879,2.0,0.1,0.00023266645906297294,1.7347234923348065e-06
150013,0.0,0.1,0.00016242044110429212,1.6472299485620967e-06
150213,0.0,0.1,0.00024727902205411487,2.419926960016509e-06
150410,2.0,0.1,0.00024178747039915646,1.7983270695057035e-06
150771,3.0,0.1,0.0004409220300397352,2.1051007379912564e-06
151058,1.0,0.1,0.00035143589431768657,2.730788862821895e-06
151387,3.0,0.1,0.00040075991445970245,3.3420176942070965e-06
151641,2.0,0.1,0.00031031103696897396,1.7573222450907511e-06
151851,0.0,0.1,0.00025128898201016655,1.3844859906141474e-06
152178,4.0,0.1,0.00039795751234123573,3.209823937793982e-06
152368,0.0,0.1,0.00023215093758380877,1.3178341473910228e-06
152640,2.0,0.1,0.00033266170329142915,2.171018115512546e-06
152892,2.0,0.1,0.0003125849108654442,2.361643005125274e-06
153181,4.0,0.1,0.0003560294535693289,2.057221281230255e-06
153505,4.0,0.1,0.00040021905689059954,2.779099577286933e-06
153727,1.0,0.1,0.00026944200631855294,1.2256282180942738e-06
154042,1.0,0.1,0.00038778280845345716,2.617013682940556e-06
154311,3.0,0.1,0.0003282321909203218,2.792191064554561e-06
154435,0.0,0.1,0.00015134866554044615,9.271651696388704e-07
154614,2.0,0.1,0.00021948427860513594,1.529398136560825e-06
154786,0.0,0.1,0.00020990479656798295,1.6843106823629141e-06
155045,3.0,0.1,0.000314951846798639,1.4537303013484309e-06
155290,1.0,0.1,0.00029618662625303656,1.5518590199330475e-06
155507,2.0,0.1,0.0002599889391740683,2.083704985364898e-06
155689,1.0,0.1,0.00022345462570137506,1.9937422970460456e-06
155811,0.0,0.1,0.00014388726431504613,5.330593673688287e-07
156115,4.0,0.1,0.0003656269047585043,2.0072162732893033e-06
156319,1.0,0.1,0.0002456412692307909,1.4238989480069273e-06
156724,4.0,0.1,0.0004895335857105311,2.980610575297265e-06
156913,0.0,0.1,0.0002236081067054069,8.022294217181321e-07
157190,2.0,0.1,0.0003291109551818584,1.6233314748749071e-06
157549,2.0,0.1,0.00043057741489696956,3.2098720496329726e-06
157699,1.0,0.1,0.00017659014160712808,9.27937641051567e-07
157997,2.0,0.1,0.00035865151109635494,2.6094994984968575e-06
158286,4.0,0.1,0.0003412894340428039,2.0685204041893746e-06
158408,0.0,0.1,0.00014656821696555142,5.169999461351011e-07
158561,0.0,0.1,0.00018112817832691808,1.254262721078905e-06
158800,2.0,0.1,0.00028417198311171546,1.6521522161612566e-06
158950,0.0,0.1,0.000177536289359684,1.1105250815953613e-06
159122,1.0,0.1,0.0002064534811153022,1.1856137852104083e-06
159335,0.0,0.1,0.0002542893827535736,1.936917641665571e-06
159544,1.0,0.1,0.00025514576503591263,1.8351289078345883e-06
159666,0.0,0.1,0.0001437498787058582,8.672525691671465e-07
159953,1.0,0.1,0.00034397596123554613,1.8723066996124566e-06
160240,2.0,0.1,0.00034564164463901187,2.0922130052043625e-06
160470,1.0,0.1,0.00027344947018162474,2.0614092657854256e-06
160592,0.0,0.1,0.0001484842341301557,1.2759374858864471e-06
160837,1.0,0.1,0.0002938452620630123,1.8742722636519584e-06
160987,1.0,0.1,0.00017749708475907206,1.4745769130742615e-06
161206,0.0,0.1,0.0002623350409842152,9.758479327011345e-07
161363,1.0,0.1,0.0001856100550886578,1.2840853455404826e-06
161605,0.0,0.1,0.0002910495081004233,1.6534681278161044e-06
161857,2.0,0.1,0.0002992453984162438,1.6324157130416437e-06
161979,0.0,0.1,0.00014230804501823657,7.535915994445905e-07
162101,0.0,0.1,0.00014687623227022296,3.492247183456415e-07
162335,1.0,0.1,0.00027407786643996737,1.3091607437782938e-06
162569,1.0,0.1,0.0002801884427585178,2.3227916753549716e-06
162850,4.0,0.1,0.0003311491305380831,2.4304051024584864e-06
163074,2.0,0.1,0.00026283840037942546,1.895698237314649e-06
163293,2.0,0.1,0.00025951769474999003,1.5938673172327164e-06
163428,0.0,0.1,0.00016054909667286704,8.791550333224952e-07
163620,0.0,0.1,0.0002265930357924768,1.6750560669910505e-06
163842,2.0,0.1,0.0002597545808685316,1.2307455662268107e-06
164099,1.0,0.1,0.0003048049273170194,1.7333525949664356e-06
164222,0.0,0.1,0.00014734070307240605,1.0466396376277706e-06
164551,2.0,0.1,0.0003920374463239447,2.2443224446918556e-06
164689,0.0,0.1,0.00016604659256063813,8.982469394933386e-07
164996,3.0,0.1,0.0003635784182890351,1.9917023850031497e-06
165141,0.0,0.1,0.00017022159819262507,6.247392053883676e-07
165305,1.0,0.1,0.00019477139056974695,1.2736947716964404e-06
165519,2.0,0.1,0.0002501842095067022,2.0192452389751074e-06
165689,1.0,0.1,0.00020289204914923306,1.050422195262042e-06
165948,3.0,0.1,0.00030693043922456776,1.6751525015479e-06
166289,3.0,0.1,0.00039962143221533434,3.2102881166442944e-06
166506,2.0,0.1,0.0002527187480933158,1.6736533269206465e-06
166696,0.0,0.1,0.00022234288681409876,7.938335248903606e-07
167014,5.0,0.1,0.0003674745064337221,2.5292051071716032e-06
167269,2.0,0.1,0.00029527342463663714,1.934590707991425e-06
167634,2.0,0.1,0.0004268960973552182,3.5875170885569306e-06
167759,0.0,0.1,0.00014641285809557092,1.0417274351904022e-06
167887,0.0,0.1,0.00015172519480875283,1.3547150611446853e-06
168268,3.0,0.1,0.000454144721182287,2.7371107100483475e-06
168867,8.0,0.1,0.0007049991282884642,4.984488396885668e-06
169066,2.0,0.1,0.00023542689278388825,9.500508012417679e-07
169207,0.0,0.1,0.00016402304949246393,8.019682083462744e-07
169477,1.0,0.1,0.00031921250962090974,1.5005192191097238e-06
169658,0.0,0.1,0.00021112942101461342,1.5263157415718545e-06
169868,2.0,0.1,0.00024805790963917246,9.115429440819328e-07
170120,3.0,0.1,0.0002949996612477297,1.5638946812425746e-06
170273,1.0,0.1,0.00017899114571597377,1.5022580753550483e-06
170400,0.0,0.1,0.00015013054118190013,1.1942233477341735e-06
170776,2.0,0.1,0.00044199280102604665,2.034253125943786e-06
171126,3.0,0.1,0.00041056841592008596,2.592414526428989e-06
171281,0.0,0.1,0.000183158782371438,1.3668694488879155e-06
171609,2.0,0.1,0.0003910557653230853,2.402828015000678e-06
171807,1.0,0.1,0.0002318409475515611,1.9869459958777917e-06
172005,0.0,0.1,0.00023581254711324665,1.1588646769452098e-06
172194,1.0,0.1,0.00022150124789311668,9.99017433745762e-07
172442,3.0,0.1,0.000291857342482722,1.3036714484144688e-06
172619,1.0,0.1,0.000206839849491725,1.0044917669303756e-06
172770,1.0,0.1,0.00017874405713464166,7.279511947720352e-07
173102,2.0,0.1,0.0003909510359813848,2.1018339272180643e-06
173385,1.0,0.1,0.00033239271173455994,1.265494891590396e-06
173514,0.0,0.1,0.00014985877705478873,6.337730835357823e-07
173708,1.0,0.1,0.0002299359214405523,1.1538478956149538e-06
174122,4.0,0.1,0.00048335145958379596,2.8984721821025604e-06
174478,5.0,0.1,0.00041757877365026776,2.419245005962388e-06
174702,0.0,0.1,0.0002616918701400667,1.4610028377619958e-06
174999,1.0,0.1,0.00034527375859275106,1.8771253776928827e-06
175207,1.0,0.1,0.00024235873266794224,8.710990615431154e-07
175453,3.0,0.1,0.00028836008501640704,1.389568407995165e-06
175632,1.0,0.1,0.00020989880998831603,1.2311508240566511e-06
175836,0.0,0.1,0.00023800258758886568,1.2968296304287178e-06
176046,0.0,0.1,0.0002411031324046549,5.075519251756252e-07
176196,1.0,0.1,0.0001766479393012862,5.656209299797992e-07
176397,2.0,0.1,0.00023387724053932225,1.0118190674474013e-06
176553,1.0,0.1,0.00018074071195371582,1.2820659147141652e-06
176861,2.0,0.1,0.0003584438750817753,2.0073447718220337e-06
177097,1.0,0.1,0.0002737724163170423,1.672710815195255e-06
177371,2.0,0.1,0.0003160555465625291,1.6645383273381221e-06
177683,4.0,0.1,0.0003626263361757629,1.904396790983466e-06
177807,0.0,0.1,0.00014401053561971327,1.0726149323362334e-06
178107,2.0,0.1,0.00034767420855582465,1.3871154802807133e-06
178353,3.0,0.1,0.00028655562281283074,1.7520291082644935e-06
178530,1.0,0.1,0.0002052540108849473,1.6510945859909393e-06
178946,5.0,0.1,0.0004779692387549695,1.7521389537809488e-06
179207,1.0,0.1,0.0002971605598366775,1.154574991192368e-06
179358,0.0,0.1,0.00017466647254177667,8.545578344533059e-07
179480,0.0,0.1,0.00014164555217578413,6.655123842344399e-07
179649,1.0,0.1,0.00019241804511212823,1.4702747342419865e-06
179771,0.0,0.1,0.00013710099280216394,9.969155713754852e-07
180151,4.0,0.1,0.0004296652225907276,2.7371367146803945e-06
180319,1.0,0.1,0.0001880116659292873,8.170470184745755e-07
180667,5.0,0.1,0.0003887072801121487,2.092317359351615e-06
180893,2.0,0.1,0.00025354090679736584,1.5783858542141275e-06
181328,3.0,0.1,0.00048426520034998226,2.6877222991066366e-06
181727,6.0,0.1,0.0004449411127500342,2.9779508190527626e-06
181967,0.0,0.1,0.0002687971493826356,1.0803518949581457e-06
182089,0.0,0.1,0.00013820446517813444,4.6459739394655957e-07
182420,2.0,0.1,0.0003714785863662835,2.7114378486553795e-06
182565,0.0,0.1,0.00016089555803407133,6.080296977728436e-07
182687,0.0,0.1,0.00013266257438905438,4.6466640043183895e-07
182816,0.0,0.1,0.000146427429963406,4.870978065964511e-07
183157,2.0,0.1,0.00037800414133296577,1.7326282383788102e-06
183489,3.0,0.1,0.0003692955572094003,2.0854044109594754e-06
183726,2.0,0.1,0.00026072745768910194,1.6847797120467495e-06
183949,2.0,0.1,0.0002504302336561524,1.7160596157691357e-06
184269,2.0,0.1,0.0003553428524992947,1.4752363661623826e-06
184497,2.0,0.1,0.00025179428725431106,8.894957769501678e-07
184619,0.0,0.1,0.00013313347037577385,4.3643673647067194e-07
184877,3.0,0.1,0.0002888398564265429,1.204613240714428e-06
185053,1.0,0.1,0.00019573837354906713,1.027898177759755e-06
185181,0.0,0.1,0.0001425113282513264,9.089003765272847e-07
185505,4.0,0.1,0.00035878952447720503,1.513272846667497e-06
185745,2.0,0.1,0.00026656459672906243,1.1571158047440944e-06
185914,1.0,0.1,0.00018596784592762292,1.3099149223807429e-06
186128,2.0,0.1,0.000239183010720309,1.1591325028684548e-06
186338,2.0,0.1,0.00022979101452836,1.5798837437364743e-06
186758,4.0,0.1,0.0004646126042254513,2.5489048135768657e-06
186943,2.0,0.1,0.0002029466766639061,1.0976803415523254e-06
187239,1.0,0.1,0.00032752610040362055,2.1155397839484053e-06
187486,2.0,0.1,0.0002739677266502948,1.8647143294473447e-06
187765,3.0,0.1,0.00030634888376570115,1.5132391906071526e-06
188019,3.0,0.1,0.0002759064109757854,1.398596916609351e-06
188238,0.0,0.1,0.00023907823258845405,1.3850864302752836e-06
188406,1.0,0.1,0.00018193640738079333,1.0154380789201066e-06
188585,1.0,0.1,0.00019582740625306172,7.25074427406695e-07
188744,1.0,0.1,0.00017445170512535107,9.003961816115719e-07
189085,3.0,0.1,0.0003623426936167477,1.7863940443424376e-06
189415,4.0,0.1,0.0003503177752103479,2.5383128083660014e-06
189560,0.0,0.1,0.00015669753529346802,9.529045271820028e-07
189765,2.0,0.1,0.00021580810763978947,1.0384209412719324e-06
189921,0.0,0.1,0.0001654710569976301,1.3833822802616456e-06
190117,1.0,0.1,0.00020524178362798384,1.3151210664153594e-06
190455,4.0,0.1,0.0003501554081387457,1.622872567705843e-06
190667,3.0,0.1,0.0002217163089498767,1.3022623406159734e-06
190921,1.0,0.1,0.00026576937017023654,1.7512255428954707e-06
191158,2.0,0.1,0.0002447305160407476,9.196500526918557e-07
191329,1.0,0.1,0.00017954582325130407,1.2963003714048821e-06
191540,1.0,0.1,0.00022081853988163903,1.8004164693067888e-06
191760,1.0,0.1,0.00022855716157964135,1.3713961303427583e-06
191966,2.0,0.1,0.00021198132650339737,1.2378550535048979e-06
192254,3.0,0.1,0.000298795285921814,1.6712657813007105e-06
192377,0.0,0.1,0.00012805755394058594,6.115441055370694e-07
192593,2.0,0.1,0.00022569017499707105,1.2313785305223523e-06
192753,1.0,0.1,0.00016732774730746753,4.415987942260588e-07
192875,0.0,0.1,0.00012639141515409183,6.761964301352207e-07
193176,3.0,0.1,0.00032012182457844863,1.6429854883743541e-06
193409,1.0,0.1,0.00024405233656950382,1.708457348730649e-06
193622,1.0,0.1,0.00022364530798445935,1.8341508991923229e-06
193883,3.0,0.1,0.000273007310052941,1.5793654226487101e-06
194116,2.0,0.1,0.0002492968250257876,9.883753366872671e-07
194388,3.0,0.1,0.0002866826080222614,1.2943911762052175e-06
194642,1.0,0.1,0.00026510308450078813,1.6770887939924652e-06
194830,0.0,0.1,0.00019669522251833428,8.765132224470859e-07
195177,3.0,0.1,0.000366691966103658,2.196745241546884e-06
195299,0.0,0.1,0.00012743526309833458,9.115878871176482e-07
195505,2.0,0.1,0.0002203095148586592,9.798821910488886e-07
195813,2.0,0.1,0.00032623557494621815,1.5409502864244715e-06
196037,1.0,0.1,0.00023659571961260974,1.4598423109111018e-06
196187,1.0,0.1,0.0001561072683205776,9.969067162263748e-07
196384,2.0,0.1,0.00021328424031170763,1.8638775978394628e-06
196611,0.0,0.1,0.00023966980249917602,1.348293013511979e-06
196831,2.0,0.1,0.0002354220320554612,1.3370110130295681e-06
197038,2.0,0.1,0.00022196781209480782,1.1228890588664865e-06
197196,1.0,0.1,0.00017039586578644533,5.453770092164502e-07
197318,0.0,0.1,0.00012707681357627967,5.97329174831786e-07
197560,2.0,0.1,0.0002597100186454161,9.306943491375407e-07
197918,4.0,0.1,0.00037724102279095966,2.0588143696087046e-06
198205,1.0,0.1,0.00030399068976888466,1.2522172928759787e-06
198547,5.0,0.1,0.00035754736168921666,2.1013672286342947e-06
198733,1.0,0.1,0.00019721629802155666,9.986283624830763e-07
198856,0.0,0.1,0.000129664301711594,7.168920375512831e-07
199154,3.0,0.1,0.0003081190366052655,1.7123504245793983e-06
199337,2.0,0.1,0.00019185069552969523,1.633953198601156e-06
199524,0.0,0.1,0.0001951136024036355,1.154487147461395e-06
199793,4.0,0.1,0.00027944232812815895,1.6192382097768189e-06
199962,0.0,0.1,0.00017415019622666372,4.806851571081212e-07
200167,1.0,0.1,0.00021225792193422667,1.382605626886806e-06
200464,2.0,0.1,0.00031162892451251303,1.2474777469074703e-06
200631,1.0,0.1,0.00017059127733930372,1.4283980205127609e-06
200830,1.0,0.1,0.0002094286662710857,1.20192778143387e-06
201178,4.0,0.1,0.0003608347258223511,2.078470989410726e-06
201590,4.0,0.1,0.00042394297517619144,2.4863511967668634e-06
201789,0.0,0.1,0.0002061191139637844,1.601943179771e-06
201969,0.0,0.1,0.00018211733234887282,8.509175091845068e-07
202092,0.0,0.1,0.00012621227640405633,9.700847671384386e-07
202336,3.0,0.1,0.00025056483391651754,1.3293058724296467e-06
202458,0.0,0.1,0.00012299955002489918,7.738663620180129e-07
202748,3.0,0.1,0.0002930308195232632,1.3810684412033489e-06
202929,0.0,0.1,0.00018019638588624598,9.721635922326465e-07
203108,2.0,0.1,0.00017964535232865261,5.962376637176136e-07
203231,0.0,0.1,0.00012013317723555808,3.632361536742273e-07
203413,0.0,0.1,0.0001834983701160629,8.719130860183624e-07
203582,0.0,0.1,0.0001670023690701969,5.66529805100636e-07
203833,1.0,0.1,0.0002518627798134502,1.4341035359567785e-06
204104,0.0,0.1,0.0002710919256156687,1.2949779608992919e-06
204288,2.0,0.1,0.00018355424427205609,9.172654488796974e-07
204577,2.0,0.1,0.00028782609392721803,1.2409514968897417e-06
204741,0.0,0.1,0.00016273581684306748,5.950422160618766e-07
204891,1.0,0.1,0.00014697152121833152,7.932832554940738e-07
205013,0.0,0.1,0.00012397544107326747,7.615127904692281e-07
205225,2.0,0.1,0.00021144468785203583,1.909440465512401e-06
205536,3.0,0.1,0.00031064446883865665,1.678639935922546e-06
205765,0.0,0.1,0.00022724197779472777,1.8387383983511566e-06
205916,1.0,0.1,0.00015076429376041035,8.835479528695718e-07
206245,3.0,0.1,0.0003253148218747841,2.4377014578754433e-06
206644,3.0,0.1,0.00039553326920177626,1.7743013578858004e-06
206876,2.0,0.1,0.00023026107570849774,1.7598112423445012e-06
207194,1.0,0.1,0.0003127456295346082,1.9285660868295896e-06
207355,1.0,0.1,0.00015813917096242793,6.519551723238649e-07
207574,1.0,0.1,0.000218022508221137,1.2568967046331026e-06
207696,0.0,0.1,0.0001240316731069665,6.307190247122549e-07
208002,4.0,0.1,0.00030340478409505913,1.9874044357310965e-06
208342,2.0,0.1,0.00033905670441468035,2.5608755567856842e-06
208613,2.0,0.1,0.0002696893669849398,1.5596061560998522e-06
208810,2.0,0.1,0.0001956120389590609,1.394267402521711e-06
209130,2.0,0.1,0.00031917948254962987,2.2664232799464165e-06
209296,1.0,0.1,0.00016673565749299697,5.120498690406923e-07
209553,2.0,0.1,0.00025313589751339567,1.2267026675090046e-06
209820,2.0,0.1,0.0002663466336899633,1.1463861422804194e-06
210047,2.0,0.1,0.0002212806161765179,1.450190045584718e-06
210284,2.0,0.1,0.00023785679758641553,1.2392336602516878e-06
210406,0.0,0.1,0.00011897752219576399,5.479919521556134e-07
210529,0.0,0.1,0.00012325540189433786,6.797460112236861e-07
210669,0.0,0.1,0.00013973532790733536,1.2964378471409784e-06
210915,2.0,0.1,0.00024164035632668368,1.3611726281080945e-06
211114,1.0,0.1,0.00019735456308052828,1.0610786328883833e-06
211368,2.0,0.1,0.0002548829934187424,1.4681725878858755e-06
211514,0.0,0.1,0.00014427377113182782,9.105154999490365e-07
211726,0.0,0.1,0.00021159925007954583,1.0104609576420798e-06
212018,4.0,0.1,0.0002924720986225959,2.7576487705290667e-06
212277,0.0,0.1,0.0002587033088482742,1.57950311848257e-06
212428,0.0,0.1,0.00015132455908455523,7.295548045565678e-07
212603,1.0,0.1,0.00017142526430669267,9.021749726626692e-07
212802,1.0,0.1,0.0001984585627901291,1.1957419327647434e-06
213042,2.0,0.1,0.00023769228664836565,1.0514962557766778e-06
213242,1.0,0.1,0.0001982788468123683,7.877972455283242e-07
213394,1.0,0.1,0.00015025495342117098,9.77387752766077e-07
213532,0.0,0.1,0.00013906698287847533,4.894842644029277e-07
213792,3.0,0.1,0.0002566973064437703,1.1710277742509151e-06
213981,1.0,0.1,0.00018465806276884566,8.068803719381298e-07
214153,1.0,0.1,0.00016874620986412423,4.516439991470126e-07
214275,0.0,0.1,0.00011702588997870812,5.219568951962234e-07
214515,1.0,0.1,0.00023669652849039164,1.1992368006686463e-06
214721,1.0,0.1,0.0002050924805030878,1.3442221977503928e-06
214867,0.0,0.1,0.00014116785073521452,6.952575307045686e-07
214995,0.0,0.1,0.00012566420767966496,8.329327221283067e-07
215149,0.0,0.1,0.00015617724998076994,1.3961812109737947e-06
215494,5.0,0.1,0.0003397368579983708,1.8403579258406105e-06
215696,1.0,0.1,0.00020225116646340228,1.2143537339575516e-06
215846,1.0,0.1,0.0001470858290160936,7.982739711346753e-07
216049,0.0,0.1,0.000200776194308257,1.0016423433577078e-06
216219,1.0,0.1,0.00016575158410099696,5.669090714087658e-07
216387,1.0,0.1,0.0001625645075119065,8.171230353748091e-07
216585,2.0,0.1,0.00019239851853649194,9.832385298056057e-07
216793,1.0,0.1,0.00020112040316792477,1.6970354850446468e-06
217003,2.0,0.1,0.00020007433510293383,1.5425293899126298e-06
217227,1.0,0.1,0.00021551730140232227,1.0235468177665292e-06
217350,0.0,0.1,0.00011836628187709165,4.7657994792945785e-07
217648,3.0,0.1,0.00028654944998135,1.8449183136283815e-06
217849,0.0,0.1,0.00018933160727393193,4.888705553862055e-07
218065,2.0,0.1,0.00020413894789768797,8.41482927471353e-07
218287,3.0,0.1,0.00020718112403410964,1.3176356598689903e-06
218409,0.0,0.1,0.000117121224025486,1.0400585209068162e-06
218644,2.0,0.1,0.00022250359372558249,1.0938333832767709e-06
218916,3.0,0.1,0.00025801712355034924,1.8030632067692017e-06
219173,2.0,0.1,0.00024386683791076435,1.5422958981873465e-06
219317,0.0,0.1,0.00013647955036434235,8.47116899368977e-07
219439,0.0,0.1,0.00011354959168782103,8.125147075913725e-07
219569,0.0,0.1,0.00012543619834660459,1.034417993534079e-06
219738,1.0,0.1,0.00015923368726725713,1.0100400016852846e-06
219921,0.0,0.1,0.0001742599617796853,7.171120826210146e-07
220149,1.0,0.1,0.000212398398838669,1.1744782980620411e-06
220337,1.0,0.1,0.00017363066911051396,8.637758140354474e-07
220594,3.0,0.1,0.0002351657125036949,1.2380710601691162e-06
220881,2.0,0.1,0.00026533647367653655,1.4906170362296426e-06
221112,1.0,0.1,0.00021318917206285262,1.2735891092090998e-06
221376,3.0,0.1,0.0002428666958017272,1.4740303368760596e-06
221605,0.0,0.1,0.00021217044586873985,1.6884259671355118e-06
221727,0.0,0.1,0.00011113592352164732,9.607917524291426e-07
221968,3.0,0.1,0.00022425576732994405,8.112015277547452e-07
222245,3.0,0.1,0.00025384875904114064,1.3848670001167383e-06
222436,1.0,0.1,0.0001761796617699153,6.658192730921953e-07
222743,2.0,0.1,0.000285372909696984,2.1079440810057597e-06
222898,1.0,0.1,0.00014648261845220413,1.0420008456379244e-06
223182,0.0,0.1,0.000265584191685376,1.846054431895506e-06
223521,4.0,0.1,0.00031655857029598013,1.4580313069598631e-06
223755,2.0,0.1,0.00021668884363183175,1.247596826666942e-06
223947,1.0,0.1,0.00018158721231398918,9.051855689640014e-07
224193,3.0,0.1,0.00023342491114519156,1.4344794362374707e-06
224346,1.0,0.1,0.00014337848229295318,1.0227382241992805e-06
224530,1.0,0.1,0.00017344806288067325,9.86255052805471e-07
224807,3.0,0.1,0.00025993278213269047,1.8674502633553191e-06
225049,1.0,0.1,0.00022992362540615396,1.1621853795154715e-06
225251,2.0,0.1,0.00018814614754047117,8.384715164088167e-07
225465,1.0,0.1,0.00020300157081844765,1.04930927708423e-06
225611,0.0,0.1,0.0001354313774480362,5.533513393204297e-07
225884,2.0,0.1,0.0002586239628692086,1.3132209938631043e-06
226117,1.0,0.1,0.0002179873731058433,1.1363204081365118e-06
226343,2.0,0.1,0.00020845298312716445,1.4960331403956716e-06
226578,2.0,0.1,0.00022131579656263977,1.6263149751823073e-06
226733,1.0,0.1,0.00014619356959200288,1.0288710767437056e-06
227006,3.0,0.1,0.0002540306993603489,1.367110345931642e-06
227294,2.0,0.1,0.0002695210502573692,1.7938763105546003e-06
227592,2.0,0.1,0.0002797311881945428,9.83975431456455e-07
227732,0.0,0.1,0.00012912572743051652,9.79915301701025e-07
228095,3.0,0.1,0.0003332505141155616,1.943044419468468e-06
228217,0.0,0.1,0.00011505594376480479,6.640769872968589e-07
228433,3.0,0.1,0.00019939889036670229,1.0570856684877878e-06
228672,2.0,0.1,0.00022162141431130317,1.1490268528873358e-06
228841,1.0,0.1,0.00015572382642486,7.14658803947024e-07
228991,1.0,0.1,0.00013702650369755887,6.930167958255585e-07
229281,2.0,0.1,0.00027154814027624064,1.4500128446833143e-06
229472,1.0,0.1,0.00017862023195825083,1.4106054654481155e-06
229769,4.0,0.1,0.0002739401486005984,1.6694642385033317e-06
229891,0.0,0.1,0.0001109293166130794,5.626511919555494e-07
230053,0.0,0.1,0.00015077715129845412,6.749268839377858e-07
230355,2.0,0.1,0.0002739101154762674,1.4001110299315792e-06
230573,1.0,0.1,0.00020033971182147794,1.095560698710567e-06
230787,2.0,0.1,0.00019295509271659268,9.675083454243042e-07
231033,1.0,0.1,0.00022564536923034206,1.5740810606868383e-06
231197,0.0,0.1,0.00014943247955742615,7.776426955520259e-07
231494,0.0,0.1,0.0002673249452752878,1.5831893335581188e-06
231681,1.0,0.1,0.00017075282707885975,9.216892495649242e-07
231804,0.0,0.1,0.00011239746635532987,6.163968049383385e-07
231926,0.0,0.1,0.00010783689623625845,8.72420533245835e-07
232139,2.0,0.1,0.0001914758985107759,9.920233534997305e-07
232373,2.0,0.1,0.00021235516802530903,8.160681087328395e-07
232533,0.0,0.1,0.00014518541863266143,7.106911582899896e-07
232840,4.0,0.1,0.00028062255173445447,1.7552711832706352e-06
232989,0.0,0.1,0.00013471530323508208,7.705523309191165e-07
233199,2.0,0.1,0.00018941143666199758,1.3035282762890824e-06
233459,3.0,0.1,0.00023712369136967085,1.077337597029366e-06
233656,2.0,0.1,0.000181883994440037,1.1771834429655534e-06
234017,3.0,0.1,0.00032545193621838796,2.0157340523492087e-06
234198,2.0,0.1,0.00016121461655747694,6.013438648891461e-07
234429,1.0,0.1,0.00020776246020348552,9.958342126415757e-07
234904,4.0,0.1,0.0004275770118847711,2.8144111387011748e-06
235190,4.0,0.1,0.00025496465184918785,1.5254090156789154e-06
235312,0.0,0.1,0.00011019314855018998,1.1020669783022189e-06
235566,2.0,0.1,0.00022579585723630485,9.126343751736486e-07
235899,1.0,0.1,0.000297539468103651,2.097690051178691e-06
236100,2.0,0.1,0.000182781473452234,1.513608712654175e-06
236322,0.0,0.1,0.0001951601299550423,9.513180491046815e-07
236561,1.0,0.1,0.0002106624478535636,1.2476851354780937e-06
236690,0.0,0.1,0.00011286822565658862,8.708445496516542e-07
237058,3.0,0.1,0.00032415896097703683,2.0753817666153586e-06
237355,2.0,0.1,0.00025975473187605646,1.5810801684818324e-06
237604,3.0,0.1,0.00022121754242064156,1.19248327742135e-06
237760,1.0,0.1,0.00013611892872511297,9.652812268193976e-07
238027,2.0,0.1,0.00023104044048347452,1.3120015505174397e-06
238213,1.0,0.1,0.00016474282285203144,8.379942147619423e-07
238336,0.0,0.1,0.00010779904072582082,5.413508120813e-07
238512,0.0,0.1,0.00015356043329811146,8.218682705387313e-07
238694,1.0,0.1,0.0001562217717692233,7.198937628279834e-07
239005,1.0,0.1,0.0002732123468927787,1.5634838957818388e-06
239127,0.0,0.1,0.00010510402498333497,5.164225217239421e-07
239298,1.0,0.1,0.00015104808902342745,9.693144040081003e-07
239457,1.0,0.1,0.0001402989443022435,1.1745208007052574e-06
239719,3.0,0.1,0.00022772719029119247,1.291469062203898e-06
239893,1.0,0.1,0.00015374108582047688,1.0677517129972404e-06
240015,0.0,0.1,0.00010432057849238833,5.088761663465677e-07
240158,0.0,0.1,0.00012393180915326707,5.738921992054263e-07
240308,1.0,0.1,0.0001313424208435783,6.576585827257887e-07
240560,3.0,0.1,0.00021727454025046865,1.1038438636907087e-06
240887,3.0,0.1,0.00027841620710366644,1.861324908712972e-06
241128,1.0,0.1,0.00020955873699084768,1.0847176069800106e-06
241427,4.0,0.1,0.00025308932448551166,1.7214075299900884e-06
241674,2.0,0.1,0.00021056839626145603,1.2231019212980788e-06
241857,1.0,0.1,0.00015567864888157702,7.415282711984743e-07
242033,1.0,0.1,0.00014982910771877106,6.943223638703435e-07
242291,2.0,0.1,0.0002171785404063104,1.2940562031930723e-06
242581,2.0,0.1,0.00024759518200938736,1.5073210496031205e-06
242826,3.0,0.1,0.00020671974229901773,1.10122401224071e-06
243067,2.0,0.1,0.00020422125900241498,1.3427843718269253e-06
243418,1.0,0.1,0.0002992935613057172,1.3986548123019715e-06
243624,1.0,0.1,0.00017740055994537628,1.0585888436283822e-06
243932,3.0,0.1,0.00026236938289222724,1.3502893929578237e-06
244209,2.0,0.1,0.00023480024603084873,1.2652978090753025e-06
244429,1.0,0.1,0.00018791343589636856,1.1928105090356746e-06
244792,4.0,0.1,0.0003105861172963912,2.0401439819146473e-06
244914,0.0,0.1,0.00010179722313103812,1.164968865174977e-06
245134,2.0,0.1,0.00018963855837182897,1.7637311876395968e-06
245368,3.0,0.1,0.00020569895322879967,1.1874240192309908e-06
245656,3.0,0.1,0.00024862586626977183,1.3966358773866368e-06
246077,5.0,0.1,0.00036408970179332035,2.377162674377357e-06
246393,0.0,0.1,0.00027237466786116007,1.4513680498401792e-06
246605,1.0,0.1,0.00018159555757048888,7.507318266026648e-07
246834,0.0,0.1,0.0001958755527218064,1.3238833490132054e-06
247171,2.0,0.1,0.0002898746327169636,2.110907467701997e-06
247421,2.0,0.1,0.00021567094525535766,8.648735517504009e-07
247621,0.0,0.1,0.00017178641429304025,8.694927222443673e-07
248039,4.0,0.1,0.00035614837731278836,2.4239684861985524e-06
248191,1.0,0.1,0.00013029019506027265,8.606668791964497e-07
248398,1.0,0.1,0.00017813280804174398,1.198251083668514e-06
248745,1.0,0.1,0.00029729306080820153,1.7569769672904455e-06
248942,2.0,0.1,0.00016720789249879354,7.648274358897654e-07
249142,1.0,0.1,0.00017140039855354744,1.3657278591073481e-06
249358,2.0,0.1,0.00018452512074299343,6.358513198864993e-07
249627,4.0,0.1,0.00022825879074203834,9.404546193598049e-07
249857,0.0,0.1,0.00019813560209810678,1.0807213743020116e-06
250009,0.0,0.1,0.0001297522857334332,5.071453040402816e-07
250148,0.0,0.1,0.00011884185155840197,8.728921498617712e-07
250372,2.0,0.1,0.00019086201844425576,1.031034905497609e-06
250522,1.0,0.1,0.00012487038607043887,5.474694847813192e-07
250724,2.0,0.1,0.00017325847875512598,7.149667450077067e-07
251052,3.0,0.1,0.00027827520994269943,1.950049249131509e-06
251361,3.0,0.1,0.00026234116593661387,1.5070866873922258e-06
251788,3.0,0.1,0.0003667045942429964,2.2945182689793204e-06
252005,3.0,0.1,0.00018459858017988033,6.285267791744367e-07
252128,0.0,0.1,0.00010552075810315328,4.368125040837079e-07
252296,1.0,0.1,0.00014366280192650276,8.327323067064019e-07
252749,3.0,0.1,0.0003905899696869593,2.216729430219296e-06
252961,1.0,0.1,0.00018475535984156856,9.764878675795226e-07
253193,0.0,0.1,0.00020209503638625377,1.4543078878639737e-06
253391,2.0,0.1,0.00016911822458583035,1.2526830484065424e-06
253628,2.0,0.1,0.00020814791509995975,9.00019917529424e-07
253751,0.0,0.1,0.00010370418053720104,5.23184760976218e-07
253952,1.0,0.1,0.00017480765335119118,6.678248266969811e-07
254193,0.0,0.1,0.0002058133470798405,1.2672226716212587e-06
254321,0.0,0.1,0.0001091474430619217,7.848730962564951e-07
254581,2.0,0.1,0.0002228867160068242,1.7095837968976775e-06
254837,2.0,0.1,0.00021863876520786756,8.738179349031684e-07
254982,0.0,0.1,0.0001231851883217925,9.942055163958886e-07
255368,4.0,0.1,0.00033145931983127777,2.370424547421658e-06
255553,0.0,0.1,0.00015658393595472262,7.486321015785562e-07
255769,1.0,0.1,0.00018441338718080323,1.1003011971671796e-06
255995,2.0,0.1,0.00019119886470103176,1.1986320823267239e-06
256347,2.0,0.1,0.000302229589276945,1.7195234980786406e-06
256515,1.0,0.1,0.00014680201734545783,9.189175180939296e-07
256695,0.0,0.1,0.0001562921109561106,7.491050261973096e-07
256969,1.0,0.1,0.000241004312275802,1.7174176413297756e-06
257218,1.0,0.1,0.0002153855093516778,1.1654934952119303e-06
257433,2.0,0.1,0.00018730624161353106,8.382527631103928e-07
257633,1.0,0.1,0.00017105385252841706,7.631652305861067e-07
257873,3.0,0.1,0.00020417054667422563,1.3791098097644603e-06
257995,0.0,0.1,0.00010131869372195215,7.0817687688503e-07
258193,2.0,0.1,0.0001694338831400119,9.808006349314152e-07
258315,0.0,0.1,0.00010102744085218373,5.127009677156488e-07
258437,0.0,0.1,0.00010542929634477986,6.55086351803399e-07
258645,1.0,0.1,0.00017593525593938357,8.59170196664777e-07
259066,4.0,0.1,0.00035779046758142093,2.805034502083535e-06
259323,1.0,0.1,0.00021699616507098038,8.179938435112486e-07
259452,0.0,0.1,0.00011126436339646053,8.423853478121502e-07
259844,2.0,0.1,0.0003312511594642591,1.9720225701283635e-06
260019,1.0,0.1,0.00014529668395263314,9.90797563955086e-07
260175,0.0,0.1,0.00013267522931751857,8.788000006256668e-07
260350,1.0,0.1,0.00014851441327500347,8.419905201467636e-07
260508,0.0,0.1,0.000136555271245181,1.05531622535753e-06
260864,1.0,0.1,0.0003004235709479062,1.7040541666044538e-06
261064,2.0,0.1,0.0001690362691166932,7.994443381147067e-07
261413,4.0,0.1,0.00029216731816720273,1.725932403551798e-06
261846,5.0,0.1,0.00036101782494839534,2.387831434810172e-06
261968,0.0,0.1,0.00010314729122267176,5.330072866156807e-07
262186,1.0,0.1,0.0001805437875807203,9.396356553902192e-07
262409,1.0,0.1,0.00018676936734782042,1.0826928356651764e-06
262599,1.0,0.1,0.00015717524407274464,7.50990043889814e-07
262721,0.0,0.1,0.00010335096040307584,9.851898164601433e-07
262913,1.0,0.1,0.00015996612351203496,1.08841960275071e-06
263036,0.0,0.1,0.00010309875655901922,6.642278353598409e-07
263265,2.0,0.1,0.00018992793029559983,9.887763180377137e-07
263489,1.0,0.1,0.00018623528254443436,9.897494653731167e-07
263752,0.0,0.1,0.00021887353490830742,1.0118075982276926e-06
263994,2.0,0.1,0.000200497196413493,1.48674196775672e-06
264273,1.0,0.1,0.000235277865653873,1.7483596526498102e-06
264500,3.0,0.1,0.00019087954234536068,1.5163117633819845e-06
264909,4.0,0.1,0.00034208851842605674,2.7094916884968e-06
265117,2.0,0.1,0.00017194350557508533,7.413885338459308e-07
265512,3.0,0.1,0.0003296422426872784,2.1086547723966423e-06
265825,3.0,0.1,0.000259668193845122,1.7729371520817102e-06
266034,2.0,0.1,0.00017201112434721136,1.0706155954177737e-06
266163,0.0,0.1,0.00010574654156803865,3.8928549647787564e-07
266314,0.0,0.1,0.00012508589718612678,5.500421306283663e-07
266577,1.0,0.1,0.0002193560056575106,1.2913601904263153e-06
266765,0.0,0.1,0.0001560404256315501,6.978497257115137e-07
267005,1.0,0.1,0.0001980213254505444,9.534634064634742e-07
267169,0.0,0.1,0.00013572034527441614,6.884123060775083e-07
267365,0.0,0.1,0.00016341171557494028,8.467065413057413e-07
267493,0.0,0.1,0.00010682803491323154,6.790379286649041e-07
267644,1.0,0.1,0.0001226857274953797,5.117271782836643e-07
267884,1.0,0.1,0.00019404128278628432,1.1581067444846984e-06
268137,0.0,0.1,0.00020445725530290497,8.404582027433584e-07
268335,2.0,0.1,0.0001588032331244014,1.2424277648444087e-06
268579,2.0,0.1,0.0001959530208039074,1.3270713095924436e-06
268773,0.0,0.1,0.00015747681584053262,1.1169849387913215e-06
268975,2.0,0.1,0.00015759009035870824,1.1260791778520625e-06
269173,2.0,0.1,0.00015586172024242752,9.523297760574943e-07
269313,0.0,0.1,0.00011078703658567581,7.80669724138808e-07
269564,2.0,0.1,0.00019642953005662202,9.316594330899702e-07
269841,3.0,0.1,0.00021629362193865582,1.0515125072627883e-06
270157,4.0,0.1,0.00024832032798982536,1.952764227975929e-06
270456,2.0,0.1,0.00023738780702253897,8.774253138324131e-07
270681,1.0,0.1,0.0001766525787559752,7.492602216224658e-07
270849,1.0,0.1,0.0001328509771737045,7.885152612425227e-07
271079,2.0,0.1,0.00017925015121326892,6.739223349254727e-07
271465,2.0,0.1,0.00030802398985380265,1.7854407414023705e-06
271617,1.0,0.1,0.00012055816510894642,5.691436370626662e-07
271878,0.0,0.1,0.00020646262846226726,8.523405225826861e-07
272155,2.0,0.1,0.00021995636719993836,1.3407969194878206e-06
272418,2.0,0.1,0.00021058902937467165,2.0572075887851898e-06
272619,2.0,0.1,0.00016018943515441048,8.241050800828543e-07
272817,1.0,0.1,0.00016168665455872243,7.781808652501462e-07
273134,4.0,0.1,0.00025308678955985605,1.0570972049330888e-06
273256,0.0,0.1,9.943766198616297e-05,4.2115416883653484e-07
273406,1.0,0.1,0.00011799759491856798,2.21070774053985e-07
273612,1.0,0.1,0.0001658916683825666,9.188265847602079e-07
273817,2.0,0.1,0.00016509678572451244,1.153386555877354e-06
274170,4.0,0.1,0.0002870046599373826,1.4760043188008831e-06
274431,3.0,0.1,0.0002117797318979575,1.2409266933435796e-06
274732,3.0,0.1,0.0002470794527819794,9.722029452038624e-07
274953,1.0,0.1,0.00017954655683998836,1.0862846122205449e-06
275314,4.0,0.1,0.0002936598852045042,1.6516303708598895e-06
275502,1.0,0.1,0.00015348747027874764,6.664746769478451e-07
275688,2.0,0.1,0.00015258355574960554,8.895940291310912e-07
275943,3.0,0.1,0.00020388933684521997,8.711511270485166e-07
276093,1.0,0.1,0.00012364671894666816,6.502835603575414e-07
276463,3.0,0.1,0.0003009015318993483,1.5718090507795061e-06
276817,3.0,0.1,0.0002927004081093739,1.446665127281806e-06
276942,0.0,0.1,0.00010151419297053643,4.810615140263069e-07
277224,0.0,0.1,0.000233816191654262,1.3113735135020549e-06
277521,2.0,0.1,0.00024272915335214008,1.847070406020841e-06
277643,0.0,0.1,9.912277200321516e-05,4.793744112338023e-07
277923,3.0,0.1,0.0002314031059990075,1.5462997277716058e-06
278228,4.0,0.1,0.00025479082919346917,2.1029847389120198e-06
278619,2.0,0.1,0.0003196206276950206,1.9018610594779134e-06
278741,0.0,0.1,0.00010237062296984604,2.8331328600220633e-07
278966,0.0,0.1,0.00018359231066681747,1.1699887466034602e-06
279339,2.0,0.1,0.0003053212957121472,1.6750886622086175e-06
279613,2.0,0.1,0.00022517604745307963,1.3681552066505243e-06
279768,0.0,0.1,0.00012684776492320773,8.11772034914176e-07
279977,2.0,0.1,0.00016950295868053175,7.313487530976083e-07
280205,1.0,0.1,0.00018262849609043636,7.92099057128355e-07
280375,1.0,0.1,0.0001343930706189139,5.662413980985498e-07
280572,2.0,0.1,0.00015951635168182782,9.139577850282007e-07
280709,0.0,0.1,0.00010928122481876355,6.297544520627821e-07
280995,2.0,0.1,0.00022755327843103517,1.4178418344389413e-06
281301,4.0,0.1,0.0002461088142273107,1.3839745300012635e-06
281822,4.0,0.1,0.0004179894618761447,2.6881581742743604e-06
281973,1.0,0.1,0.00012138585607879193,7.125033174037903e-07
282096,0.0,0.1,9.958280985620828e-05,7.291090199169685e-07
282238,0.0,0.1,0.0001122555076006936,5.854656903306918e-07
282414,1.0,0.1,0.00014142507152887902,1.1070924051214762e-06
282621,1.0,0.1,0.00016502229969337357,6.486684399812644e-07
282908,2.0,0.1,0.00022831927396455343,1.942782648026491e-06
283241,3.0,0.1,0.0002630619828150455,1.525503125967892e-06
283575,5.0,0.1,0.0002613967902486122,1.301762560982265e-06
283864,4.0,0.1,0.00022987384915308193,1.45409326284021e-06
283986,0.0,0.1,9.432727217806064e-05,5.636154021235316e-07
284443,3.0,0.1,0.0003571453256941294,2.3128003269917767e-06
284578,0.0,0.1,0.00010652696088769405,3.7425524851464593e-07
284730,1.0,0.1,0.00011888339283954263,4.441883206800339e-07
285045,0.0,0.1,0.0002468206496927002,1.0670835415837419e-06
285553,2.0,0.1,0.0003966496001548901,2.540682913497786e-06
285731,1.0,0.1,0.00013773951397500663,9.775596859707257e-07
286116,3.0,0.1,0.0003020887795424451,1.563068982072308e-06
286405,3.0,0.1,0.0002251586743243232,1.1975000033678682e-06
286563,0.0,0.1,0.00012180863574809128,4.100666684024432e-07
286689,0.0,0.1,9.966303397246381e-05,2.418067491541893e-07
286880,1.0,0.1,0.0001499432846031173,7.011876086834766e-07
287128,2.0,0.1,0.00019320974641331049,1.335631090247538e-06
287369,0.0,0.1,0.00018687453512766808,9.134746104347758e-07
287520,0.0,0.1,0.0001182318077892745,4.906293746470326e-07
287773,2.0,0.1,0.00019362588376706244,1.1457573987005875e-06
288139,5.0,0.1,0.00028008510157747214,1.7484299983664682e-06
288494,2.0,0.1,0.0002742022844298298,2.0088845914794474e-06
288741,1.0,0.1,0.0001907599991627877,9.029967026573406e-07
289067,1.0,0.1,0.0002487647498651994,1.1085503278901446e-06
289391,2.0,0.1,0.00024922632848044804,1.2668421371933022e-06
289771,5.0,0.1,0.00029206267897240065,2.5479614375246816e-06
290068,3.0,0.1,0.0002296927369633639,1.3484239174218363e-06
290316,2.0,0.1,0.00019269331982347355,1.2697712886081488e-06
290562,0.0,0.1,0.0001890751284361419,7.613970906295119e-07
290878,4.0,0.1,0.0002442431656524271,1.1713431281945165e-06
291101,2.0,0.1,0.00017323086239398114,8.548671437169943e-07
291293,1.0,0.1,0.00014781067675868908,9.298803386767374e-07
291415,0.0,0.1,9.171954802068758e-05,5.898536123033794e-07
291621,2.0,0.1,0.0001593739824762919,6.20992891049654e-07
291784,1.0,0.1,0.00012571082514771062,7.215495591108513e-07
291931,0.0,0.1,0.00011032362174150844,7.910346008179612e-07
292199,2.0,0.1,0.00020521003992184745,9.479823189063567e-07
292562,3.0,0.1,0.0002772503092195074,1.6473755157787836e-06
292768,0.0,0.1,0.00015943425674232086,9.300696312189535e-07
292991,2.0,0.1,0.00016880443572516314,7.579630463979506e-07
293226,0.0,0.1,0.00018054460541371166,1.070760592656727e-06
293394,1.0,0.1,0.00012805868995250858,7.970375829388256e-07
293544,1.0,0.1,0.00011586382454337582,4.933193033964846e-07
293870,2.0,0.1,0.000248642715311052,1.7430552539554687e-06
294179,0.0,0.1,0.00023522662038713205,1.3238837796760363e-06
294451,3.0,0.1,0.00020788916227319575,6.927652860437922e-07
294651,2.0,0.1,0.0001526068499556214,6.009230512194947e-07
294822,1.0,0.1,0.0001315241327454685,6.201561992537523e-07
295059,2.0,0.1,0.00018039788313218622,1.107437777046914e-06
295348,1.0,0.1,0.00021997598158582967,1.1301996865549806e-06
295617,2.0,0.1,0.000201274813889595,1.268626769282366e-06
295821,1.0,0.1,0.0001534549128310846,6.322381010575986e-07
295943,0.0,0.1,9.014460291452441e-05,3.4295182272788816e-07
296226,1.0,0.1,0.00021375225928821435,1.3197876084328213e-06
296549,3.0,0.1,0.0002424234167296668,1.1182753348094383e-06
296854,3.0,0.1,0.0002271530727425617,1.1334650992930014e-06
297025,1.0,0.1,0.00012817327888533077,7.26758623863697e-07
297404,2.0,0.1,0.00028373875081955216,1.9635550988231717e-06
297690,1.0,0.1,0.0002122662129803089,1.2113254595371988e-06
297812,0.0,0.1,9.286318915946365e-05,5.012944737563976e-07
298136,4.0,0.1,0.00024236272858067375,1.4528199978532162e-06
298456,4.0,0.1,0.00023888956156169878,1.7643839719952078e-06
298747,3.0,0.1,0.00021516187309753143,1.2675343339551625e-06
299130,5.0,0.1,0.00028977458803726967,1.3051879172373102e-06
299377,1.0,0.1,0.00018841462421104736,1.3657246430955608e-06
299712,2.0,0.1,0.0002538560550184986,1.561979891337095e-06
299882,1.0,0.1,0.00012655099261878037,7.246747137131078e-07
300066,2.0,0.1,0.0001372815236812452,7.150840018401724e-07
300303,2.0,0.1,0.0001761500725610695,1.3822668121941298e-06
300509,0.0,0.1,0.00015331196322193138,9.514101115639031e-07
300809,4.0,0.1,0.0002224873651399178,1.1982319091464285e-06
301090,3.0,0.1,0.00020671608997652717,1.4729267689739244e-06
301508,4.0,0.1,0.0003101255015274759,1.7962686309089174e-06
301758,2.0,0.1,0.0001829243506905759,9.585786505470595e-07
301880,0.0,0.1,9.101369498786002e-05,4.241345401540918e-07
302093,0.0,0.1,0.0001564852763056814,1.0844602522154657e-06
302359,0.0,0.1,0.0001942850387294444,1.6012001252834208e-06
302524,0.0,0.1,0.00012345328609633603,8.590141698067112e-07
302681,1.0,0.1,0.00011394218088240432,5.316270845961212e-07
302947,2.0,0.1,0.00019380195251640024,1.2009082908189979e-06
303184,2.0,0.1,0.00017599278411309607,9.837582111768663e-07
303319,0.0,0.1,9.72171163428007e-05,5.931719555138547e-07
303689,3.0,0.1,0.00027279724102892574,2.022391018766306e-06
303866,0.0,0.1,0.0001270536206288049,6.853990868754426e-07
304188,1.0,0.1,0.0002336633000923808,1.3881849996516824e-06
304487,4.0,0.1,0.0002125180249125112,1.658652128984871e-06
304733,2.0,0.1,0.0001774680385897609,1.506125250215558e-06
305106,4.0,0.1,0.0002671905195938954,1.3255386807511532e-06
305360,3.0,0.1,0.00018256025821681044,1.1330338837598904e-06
305571,1.0,0.1,0.00014865734183072156,7.429977597695877e-07
305917,3.0,0.1,0.0002495076147133019,1.4209307293747882e-06
306101,1.0,0.1,0.0001310632549215988,5.703431752386132e-07
306299,2.0,0.1,0.00013957278300427787,5.599255646056593e-07
306470,1.0,0.1,0.0001228984498696043,7.076263708733724e-07
306743,2.0,0.1,0.0001930971620581412,9.097528709227253e-07
306971,2.0,0.1,0.00016290412474396086,9.937599953756485e-07
307093,0.0,0.1,8.778577489954423e-05,3.37079824903625e-07
307215,0.0,0.1,8.529306239953581e-05,5.075133595108605e-07
307517,2.0,0.1,0.00021683096460427945,1.2024546934510635e-06
307659,0.0,0.1,0.00010022503941147588,1.0335076296339878e-06
308017,3.0,0.1,0.00025636304992544357,1.2026923187366061e-06
308245,3.0,0.1,0.00016227013509939373,9.273332456380132e-07
308506,1.0,0.1,0.00018411519372052784,7.997860345144226e-07
308702,1.0,0.1,0.00013969960308846658,8.062695332037007e-07
309125,5.0,0.1,0.00030641077117210357,1.8875377771086388e-06
309350,0.0,0.1,0.00016242483079539414,9.964407707102168e-07
309553,0.0,0.1,0.00014697636073741037,7.313459896090318e-07
309844,3.0,0.1,0.00021108553904074665,1.036723785711143e-06
310164,4.0,0.1,0.00023037452330998667,1.4113744225990995e-06
310436,2.0,0.1,0.00019557747455308593,9.787731875091652e-07
310558,0.0,0.1,8.625630073997426e-05,5.888269179597905e-07
310705,0.0,0.1,0.0001066774157204294,5.110179173091879e-07
310873,0.0,0.1,0.00012097380948487833,4.3420466100034356e-07
311303,3.0,0.1,0.0003082430620455992,1.6145652771168652e-06
311559,2.0,0.1,0.0001823165860413511,9.243890355182393e-07
311858,2.0,0.1,0.00021283139670518018,8.757076491772879e-07
312086,3.0,0.1,0.00016164311475387028,5.807501478666726e-07
312310,1.0,0.1,0.0001585756483081362,7.208989408883268e-07
312600,1.0,0.1,0.00020584014387978856,1.0179465949542333e-06
312722,0.0,0.1,8.482053477474982e-05,5.018139312726679e-07
312968,0.0,0.1,0.0001754231501666532,7.769096085338652e-07
313188,2.0,0.1,0.00015466433128686434,5.887872634324097e-07
313505,3.0,0.1,0.00022347592784275448,1.5595896283670934e-06
313898,3.0,0.1,0.00027987530123180395,1.2698116426065056e-06
314082,0.0,0.1,0.0001328646325973061,9.326917929563438e-07
314400,4.0,0.1,0.00023197409248989047,1.4240707462099276e-06
314834,4.0,0.1,0.0003119820614867726,1.908790957628854e-06
315126,3.0,0.1,0.0002106726557334326,1.2588715188089126e-06
315297,1.0,0.1,0.00012334978894248182,6.294404202511067e-07
315523,1.0,0.1,0.00016055338796571827,8.998199443047291e-07
315773,0.0,0.1,0.0001813942973234177,7.192844555635421e-07
315899,0.0,0.1,8.907951718953734e-05,3.4041422930000637e-07
316169,3.0,0.1,0.00019498667528865715,1.1331015263792e-06
316432,3.0,0.1,0.0001875726586074856,1.0479844360163687e-06
316716,2.0,0.1,0.0002014619797951096,1.2819427032154324e-06
317022,2.0,0.1,0.0002145617624038533,6.961013876949305e-07
317385,2.0,0.1,0.00025847366135352924,2.0648418346226082e-06
317632,3.0,0.1,0.00017632041130242703,1.317268579278835e-06
317849,0.0,0.1,0.00015224637340713448,1.1849530160691945e-06
318048,1.0,0.1,0.00014184292832008849,1.1079510552798296e-06
318170,0.0,0.1,8.45142898199286e-05,3.7010227600935575e-07
318292,0.0,0.1,8.736740581327692e-05,6.431047406336729e-07
318547,2.0,0.1,0.00017822888045932836,1.2100647962555438e-06
318669,0.0,0.1,8.778047798665757e-05,5.530567861419549e-07
318819,1.0,0.1,0.00010352019424709845,3.440814061968486e-07
319003,1.0,0.1,0.00012853103928823334,8.629450749826425e-07
319282,3.0,0.1,0.00019492261275690982,8.586028498531436e-07
319433,1.0,0.1,0.00010586694078260661,5.412511232373468e-07
319555,0.0,0.1,8.333198092811999e-05,1.6618727051895848e-07
319705,1.0,0.1,0.00010599192969540753,5.460090514611152e-07
319985,4.0,0.1,0.00019483557138163285,1.2876895964304356e-06
320285,3.0,0.1,0.0002101662744916654,1.2713993049970148e-06
320439,0.0,0.1,0.0001064476519795638,5.685519071475812e-07
320858,4.0,0.1,0.00029507533858911145,1.6558502786097309e-06
321135,0.0,0.1,0.00019369089841185606,9.214487609378273e-07
321385,2.0,0.1,0.00017563883624769803,6.466524104906103e-07
321544,1.0,0.1,0.00011137416126793723,4.01399492019216e-07
321798,3.0,0.1,0.00017591511257315708,9.531650158526518e-07
321937,0.0,0.1,9.759772237383255e-05,6.347266912768993e-07
322083,0.0,0.1,0.00010002945707598805,4.1393880828190514e-07
322297,1.0,0.1,0.00015108219004838922,1.0077556102699342e-06
322616,5.0,0.1,0.00022187732982432122,9.000904111359968e-07
322738,0.0,0.1,8.307771434405348e-05,2.7794904039482464e-07
322947,2.0,0.1,0.00014453296850046462,9.226347050934057e-07
323256,2.0,0.1,0.00021711430832812605,1.4489179660448944e-06
323533,3.0,0.1,0.00019203364681993516,1.0743721856504218e-06
323762,3.0,0.1,0.00015841731866466852,1.0382715456746453e-06
323885,0.0,0.1,8.719527791520563e-05,4.4595713271026426e-07
324142,0.0,0.1,0.00018141953895481713,1.0986564456510709e-06
324453,3.0,0.1,0.0002208987412168156,1.4282268732093426e-06
324749,2.0,0.1,0.00020948702259537754,1.2486206907348139e-06
324957,0.0,0.1,0.00014668073460832103,8.916544911522219e-07
325171,2.0,0.1,0.00015022689864437142,7.432394537944733e-07
325386,2.0,0.1,0.00015319003169924773,5.905315881032869e-07
325660,2.0,0.1,0.00019616059963968032,1.2079860101822938e-06
325924,2.0,0.1,0.00018796748039866726,8.809869285488851e-07
326149,2.0,0.1,0.00015842142852751578,1.0459538557159756e-06
326392,1.0,0.1,0.00017135229811147953,1.3637188221675796e-06
326683,3.0,0.1,0.0002011672215029636,1.221278490248998e-06
327001,2.0,0.1,0.00022356100772657236,1.2019452505309646e-06
327336,2.0,0.1,0.00023484242824228882,1.2504099322614502e-06
327560,1.0,0.1,0.00015571146806760475,7.797335455916693e-07
327909,3.0,0.1,0.00024178026605253488,1.419226433884343e-06
328059,1.0,0.1,0.00010133547962682647,5.616466239806772e-07
328218,1.0,0.1,0.00011058052304607393,5.510098509378352e-07
328404,1.0,0.1,0.00012856127290847326,7.747326350991032e-07
328566,1.0,0.1,0.00010993699725805357,6.087728443974065e-07
328688,0.0,0.1,8.540649536620071e-05,6.818292122008685e-07
328865,0.0,0.1,0.00012026375029833899,6.50958037661106e-07
329124,3.0,0.1,0.0001779024266322735,1.2484627576609336e-06
329288,0.0,0.1,0.0001118692223093333,3.5329573174404464e-07
329458,1.0,0.1,0.00011475660722213112,5.472143995191842e-07
329698,3.0,0.1,0.00016311684327538926,7.780104243312552e-07
330197,2.0,0.1,0.00034403687638686275,2.4836870933561216e-06
330394,2.0,0.1,0.0001349340968990255,4.744991971260746e-07
330592,2.0,0.1,0.00013815617045836025,7.047589575922702e-07
330893,2.0,0.1,0.00020720130438011943,1.099699725759592e-06
331074,0.0,0.1,0.0001238480264224505,6.210544112378645e-07
331271,2.0,0.1,0.00013498035656073348,6.660926030851903e-07
331431,0.0,0.1,0.00010982293602482433,7.17550393882053e-07
331611,1.0,0.1,0.00012300827622905772,6.675553414791877e-07
331949,1.0,0.1,0.00023313412724167737,1.43614365258546e-06
332071,0.0,0.1,8.152006920804638e-05,1.7232131396279363e-07
332499,4.0,0.1,0.00029232190288954325,1.246697428636907e-06
332721,2.0,0.1,0.00015594054705016323,8.626892803770174e-07
333013,2.0,0.1,0.000203228838632844,1.158046276152284e-06
333235,1.0,0.1,0.00015260414764049654,8.923202785790539e-07
333439,1.0,0.1,0.0001418141391204173,8.335405803863333e-07
333657,1.0,0.1,0.00015388656971685474,9.103314532699382e-07
334207,7.0,0.1,0.00037989319978612684,2.0967427002536047e-06
334433,2.0,0.1,0.00015776398886029047,7.619388421863604e-07
334610,1.0,0.1,0.00012153054462210667,6.793007541713279e-07
334761,1.0,0.1,0.00010413017939601926,6.926045171517121e-07
334994,1.0,0.1,0.00016019975040117195,8.958147034232358e-07
335255,1.0,0.1,0.0001814866908343195,1.131836554422598e-06
335430,1.0,0.1,0.0001229358757878126,9.035027387740321e-07
335705,2.0,0.1,0.00019140601685467554,8.827991747737416e-07
336016,3.0,0.1,0.00021749691773662055,1.5685483040355159e-06
336274,2.0,0.1,0.00017841042151251144,1.2075251294914035e-06
336396,0.0,0.1,8.691327992352418e-05,3.655491369705862e-07
336665,3.0,0.1,0.0001877017834733515,1.111030015093495e-06
336829,1.0,0.1,0.00011479583182988838,7.283343620402708e-07
337110,2.0,0.1,0.00019535973868336533,1.3172182084768053e-06
337259,0.0,0.1,0.00010336218785713526,5.278051713940704e-07
337503,2.0,0.1,0.00017004456067562594,8.948539557510809e-07
337838,2.0,0.1,0.00023140629442634433,1.3306391981219623e-06
338041,2.0,0.1,0.0001401649132180475,5.334209495436578e-07
338249,3.0,0.1,0.00014324323868852956,8.046772065939015e-07
338399,1.0,0.1,0.00010219574019700492,7.170992309424341e-07
338639,2.0,0.1,0.0001651439504492826,9.332121640075317e-07
338771,0.0,0.1,9.05526541871405e-05,3.1406917142747473e-07
339049,1.0,0.1,0.00019155604577686072,1.1331300485222692e-06
339236,0.0,0.1,0.00012907291842793945,1.163331940045531e-06
339471,2.0,0.1,0.00015851080676263814,9.241591762398386e-07
339619,0.0,0.1,0.00010068000881585536,5.369689105804385e-07
339913,4.0,0.1,0.00020201572105125646,8.572121133717023e-07
340278,2.0,0.1,0.0002479264318499157,1.042619011237488e-06
340597,4.0,0.1,0.0002185352100666013,1.189066838385023e-06
340951,4.0,0.1,0.00023937831053976098,1.0142227651253072e-06
341192,2.0,0.1,0.00016556423190732994,8.814848948644315e-07
341393,1.0,0.1,0.00013618883609049613,6.244759184627204e-07
341559,0.0,0.1,0.00011102663748874231,5.088085744970272e-07
341738,1.0,0.1,0.00012122795897706303,5.931840081767322e-07
341945,1.0,0.1,0.0001410755405326459,9.057347678692115e-07
342067,0.0,0.1,8.098661378389535e-05,2.495095044748164e-07
342537,4.0,0.1,0.0003188695365504889,1.5497775823097438e-06
342750,0.0,0.1,0.00014324349856220138,8.487061474925591e-07
343109,5.0,0.1,0.00024241131829308082,1.4551770731063776e-06
343402,3.0,0.1,0.000197384698672243,1.282095001500481e-06
343649,1.0,0.1,0.00016687046082206872,8.697828313253887e-07
344005,3.0,0.1,0.00024019506296060335,1.241623311442716e-06
344127,0.0,0.1,8.049795975508159e-05,2.4953822939432516e-07
344365,1.0,0.1,0.00016269255520105828,1.3213726974976189e-06
344608,2.0,0.1,0.0001651650168916975,8.776804648960341e-07
344730,0.0,0.1,8.079348685788247e-05,3.976970336395677e-07
344852,0.0,0.1,8.299092465328207e-05,3.731732489338287e-07
344974,0.0,0.1,8.055513177436122e-05,3.4836362365827583e-07
345253,3.0,0.1,0.00018773159475959342,1.223159910210128e-06
345582,3.0,0.1,0.00022169367138554928,1.3119031829417573e-06
345781,1.0,0.1,0.00013461447587149588,8.577381424808568e-07
345938,1.0,0.1,0.0001047578198653834,3.885813811259868e-07
346112,1.0,0.1,0.00011859496331432029,5.245316362715978e-07
346345,3.0,0.1,0.0001551184417913392,8.613258519358823e-07
346542,2.0,0.1,0.00013032851726861274,7.331405682851494e-07
346896,3.0,0.1,0.00023754093826771068,1.3980684824010242e-06
347103,2.0,0.1,0.00013498520960555455,6.241269089201511e-07
347386,1.0,0.1,0.0001894169178444875,9.616657176038406e-07
347536,1.0,0.1,0.00010067178470248384,2.0379395941517036e-07
347962,4.0,0.1,0.0002805315907805725,1.6179414614353317e-06
348347,5.0,0.1,0.00025347253773747773,1.620833392494461e-06
348533,2.0,0.1,0.00012356922994678665,3.8301917350050363e-07
348729,0.0,0.1,0.00013016015128413007,7.502332011281966e-07
349049,4.0,0.1,0.00020944773885311967,1.1689292243872119e-06
349230,2.0,0.1,0.00011779361446640478,6.442634211091833e-07
349353,0.0,0.1,8.087438549846251e-05,3.2804641882834137e-07
349590,2.0,0.1,0.0001545801658598181,1.047598035733049e-06
349758,1.0,0.1,0.00010947298420502896,5.902658002815767e-07
349934,1.0,0.1,0.00011458226791727011,3.3162500969236236e-07
350094,1.0,0.1,0.00010485428106535093,4.5991093382799174e-07
350429,4.0,0.1,0.00022146878223809936,1.0329386669849023e-06
350626,1.0,0.1,0.0001291524277110488,5.681225803130519e-07
350807,1.0,0.1,0.00011836984794123083,7.223594190898483e-07
350939,0.0,0.1,8.669799050132057e-05,3.7370612451782115e-07
351197,2.0,0.1,0.00017098626830798301,9.475548071687e-07
351540,3.0,0.1,0.00022446326650761767,1.4394620029002827e-06
351673,0.0,0.1,8.622081464165264e-05,8.028398445244858e-07
351890,2.0,0.1,0.00014028645099732146,7.651579902600087e-07
352204,4.0,0.1,0.000205833816908486,1.0944976566859625e-06
352423,3.0,0.1,0.00014034130020271058,5.569334428118711e-07
352781,3.0,0.1,0.000232462819555817,1.5561013470138402e-06
353018,1.0,0.1,0.00015101136467188277,8.373398027035954e-07
353168,1.0,0.1,9.744979972120633e-05,7.065603650158201e-07
353469,4.0,0.1,0.00019216799995102463,1.0805689132001165e-06
353723,2.0,0.1,0.00016124226015753608,9.845912521014403e-07
353931,2.0,0.1,0.00013083012235372087,7.417133512782821e-07
354148,2.0,0.1,0.00013846384963558183,6.45514501332095e-07
354524,3.0,0.1,0.00023673304241815177,1.281254666436726e-06
354953,3.0,0.1,0.0002682564920210791,1.505575621186422e-06
355075,0.0,0.1,7.437713514001808e-05,4.3118540512091236e-07
355294,2.0,0.1,0.00013548773603342648,9.53697983427212e-07
355538,0.0,0.1,0.0001513362700343873,1.149377271428191e-06
355741,1.0,0.1,0.0001264384376885129,7.898341810117653e-07
356034,3.0,0.1,0.000179826877122474,9.386375786506091e-07
356259,3.0,0.1,0.00013759739064161494,8.07735015921349e-07
356463,2.0,0.1,0.00012787816622578392,8.177425613129796e-07
356777,4.0,0.1,0.00019901525416379673,1.2196663005083183e-06
356899,0.0,0.1,7.592981786395147e-05,3.4154971613737753e-07
357101,2.0,0.1,0.00012855554374715698,8.716682267840286e-07
357337,1.0,0.1,0.0001494671144112557,6.835953904209064e-07
357487,1.0,0.1,9.222047923123019e-05,5.788735897530362e-07
357743,3.0,0.1,0.0001601786464285714,8.781585761739514e-07
358165,4.0,0.1,0.00026632585421402393,1.6677341772595738e-06
358495,2.0,0.1,0.0002053765419691726,1.3954476496912682e-06
358775,2.0,0.1,0.00017475251993329905,1.186110390382188e-06
358974,1.0,0.1,0.00012540187514475774,7.063771286338469e-07
359209,1.0,0.1,0.0001466759260547651,7.610105769585646e-07
359611,6.0,0.1,0.0002484573605111555,1.4773547831259055e-06
359761,1.0,0.1,9.38323159288493e-05,4.242281934617809e-07
360049,0.0,0.1,0.0001802123598551302,9.921208151954215e-07
360252,2.0,0.1,0.0001267297444378987,6.310066212822474e-07
360405,0.0,0.1,9.456913508366811e-05,4.723558357398998e-07
360527,0.0,0.1,7.437627700341671e-05,3.51882905437989e-07
360772,2.0,0.1,0.0001548576931974419,7.7482895069524e-07
360938,1.0,0.1,0.0001019694823918172,5.594123800789418e-07
361185,1.0,0.1,0.00015470328741510464,9.60318272902529e-07
361453,4.0,0.1,0.0001689855251095956,8.640774304906368e-07
361772,2.0,0.1,0.00020340064747955677,1.404196083831849e-06
361971,0.0,0.1,0.00012385108810387456,4.446532791740423e-07
362221,0.0,0.1,0.0001595842698449997,9.001918316279361e-07
362395,1.0,0.1,0.00010873473314433095,6.82660262274865e-07
362689,2.0,0.1,0.000187843020492823,1.0446448487599905e-06
362935,3.0,0.1,0.00015693884280039742,9.980430338571613e-07
363293,4.0,0.1,0.00023086578826886866,1.5619732237174862e-06
363533,0.0,0.1,0.0001534932679191344,7.397570337421413e-07
363838,5.0,0.1,0.0001942656043848156,1.110406672003945e-06
364014,1.0,0.1,0.00011221535368653731,4.531757825664144e-07
364231,1.0,0.1,0.00013798814125561346,1.0241463201057196e-06
364491,3.0,0.1,0.00016598310402056096,7.522589995527763e-07
364755,3.0,0.1,0.00016818842769111969,7.334947490814402e-07
365014,2.0,0.1,0.0001650624846684732,9.695727565802877e-07
365326,4.0,0.1,0.0002009436219517378,1.1257454815129756e-06
365614,2.0,0.1,0.00018474216559832027,9.568655319898077e-07
365868,2.0,0.1,0.00016410127713047462,4.943679915805767e-07
366221,4.0,0.1,0.000225580222392713,9.61640322287677e-07
366669,4.0,0.1,0.00028533987812229825,8.472263239682748e-07
366837,1.0,0.1,0.00010803774223724562,6.665428697059653e-07
367194,2.0,0.1,0.0002272906087552909,1.4400962080976944e-06
367425,1.0,0.1,0.00014796341131469493,9.388822645014688e-07
367593,1.0,0.1,0.00010715429655995977,5.301297962385876e-07
367822,0.0,0.1,0.00014466887973342744,1.0061802553185503e-06
367944,0.0,0.1,7.825169475065157e-05,4.3686684073035135e-07
368095,1.0,0.1,9.362320893551056e-05,5.717847981895618e-07
368459,5.0,0.1,0.000231522307028749,1.2311573035504969e-06
368805,1.0,0.1,0.0002197935314832428,1.5054539695651599e-06
369164,2.0,0.1,0.00022343311092840138,1.2757607441059704e-06
369368,1.0,0.1,0.0001269186757977268,4.4634060833140455e-07
369548,1.0,0.1,0.00011165320324227054,7.150320511210829e-07
369914,4.0,0.1,0.00022705413295062325,1.1811235680258336e-06
370237,2.0,0.1,0.00020326599055517806,1.0358065266789321e-06
370449,2.0,0.1,0.00013396272559570505,8.025832668716137e-07
370646,2.0,0.1,0.00012377650144697474,6.824608220782483e-07
370902,3.0,0.1,0.0001610974774179462,8.119784827502087e-07
371252,1.0,0.1,0.00022265459165856407,1.2851516638035614e-06
371451,0.0,0.1,0.00012501422282990904,6.058805641151838e-07
371588,0.0,0.1,8.890593849573343e-05,3.7011620609322904e-07
371758,0.0,0.1,0.00010726892019957537,8.188188974353194e-07
371904,0.0,0.1,9.4816011587112e-05,6.192831684580571e-07
372034,0.0,0.1,8.132377809348696e-05,5.232664577471197e-07
372168,0.0,0.1,8.666100099909267e-05,3.7209453197751654e-07
372349,0.0,0.1,0.00011426704818375291,6.390151406152548e-07
372552,1.0,0.1,0.00013014261796134562,6.587463856284876e-07
372876,4.0,0.1,0.0002106787515649016,1.2442351475288357e-06
373045,1.0,0.1,0.00010879832921844094,4.4807151370335345e-07
373257,2.0,0.1,0.00013715998531762792,9.156343366355665e-07
373425,1.0,0.1,0.00010886520731917601,4.182090141777455e-07
373785,2.0,0.1,0.00023317922869015289,1.229711912031546e-06
373983,1.0,0.1,0.00012755000955902955,5.858007898161854e-07
374289,1.0,0.1,0.0002006833412520174,9.754016163505693e-07
374411,0.0,0.1,7.771741619530027e-05,2.0633605031417352e-07
374541,0.0,0.1,8.5284330310288e-05,1.6496639207834625e-07
374691,1.0,0.1,9.61676215032058e-05,2.0787001219095345e-07
374813,0.0,0.1,7.99952292734737e-05,5.736582368205513e-07
375021,0.0,0.1,0.0001349169514739393,7.914640307850856e-07
375255,2.0,0.1,0.00015201144745087135,1.1142096336986213e-06
375486,2.0,0.1,0.00015148678669941925,8.754277307039964e-07
375661,0.0,0.1,0.00011519731057529845,7.032025033536596e-07
375888,2.0,0.1,0.0001486891652528178,6.212381621647329e-07
376221,3.0,0.1,0.0002163170880664335,1.4727066429313962e-06
376529,2.0,0.1,0.00020143995414105892,1.3618603264882934e-06
376773,1.0,0.1,0.00015895062321521824,7.504116334884485e-07
376895,0.0,0.1,7.833665189559719e-05,3.321858951134986e-07
377107,1.0,0.1,0.0001377003233370691,9.786239525890213e-07
377345,1.0,0.1,0.00015640767824370383,7.818250298254722e-07
377467,0.0,0.1,7.788912352622453e-05,2.8487341005694647e-07
377617,0.0,0.1,9.872738693385764e-05,3.297445446272902e-07
377909,3.0,0.1,0.00018998726960035853,1.2364451835171513e-06
378101,1.0,0.1,0.0001241054362224621,6.510413984394456e-07
378223,0.0,0.1,7.77519176971299e-05,6.146913967721938e-07
378572,3.0,0.1,0.00022806629513187266,1.312967738884637e-06
379009,6.0,0.1,0.00028143108949944356,1.4350920622715518e-06
379131,0.0,0.1,7.690492267416917e-05,4.898600574675093e-07
379386,2.0,0.1,0.0001642731780452034,1.0599677957620918e-06
379729,3.0,0.1,0.00022036919644253717,1.053683345645976e-06
379974,3.0,0.1,0.00015611463744292473,8.52557355686579e-07
380213,2.0,0.1,0.0001538929041236508,8.191644735366476e-07
380375,0.0,0.1,0.00010235014127893664,5.820711517504212e-07
380603,2.0,0.1,0.00014577034097601555,7.710308613871157e-07
380785,1.0,0.1,0.00011754633584944114,4.5111914243162744e-07
380933,0.0,0.1,9.525018980677747e-05,5.700019583323847e-07
381078,0.0,0.1,9.163264315108769e-05,7.308554192576803e-07
381200,0.0,0.1,7.94745592355478e-05,7.329149326927263e-07
381494,3.0,0.1,0.0001881865694951493,1.0602113897820701e-06
381716,1.0,0.1,0.0001441071227639934,1.1795255931532802e-06
381945,2.0,0.1,0.00014676178063010353,6.966443185219215e-07
382110,0.0,0.1,0.00010489622003128465,8.961358174085173e-07
382361,1.0,0.1,0.00016214292854483216,9.315985621258835e-07
382587,0.0,0.1,0.00014297903616520785,7.324730975850495e-07
382863,3.0,0.1,0.00017560934371753555,1.0120675903050695e-06
383075,1.0,0.1,0.00013473894128847362,5.995649937419494e-07
383351,2.0,0.1,0.00017644651149120052,1.2506632502646597e-06
383562,0.0,0.1,0.00013486764847105015,9.306473496812896e-07
383770,2.0,0.1,0.0001325451483133701,6.878038260182897e-07
383892,0.0,0.1,7.882051961486284e-05,6.013157204773639e-07
384014,0.0,0.1,7.527458627833888e-05,5.545742807361813e-07
384293,2.0,0.1,0.00017679161999679897,1.0027469592235025e-06
384492,1.0,0.1,0.00012624704939989448,6.488476007043633e-07
384776,2.0,0.1,0.00017992316664069508,9.259497441360974e-07
384997,2.0,0.1,0.00013881405077041602,6.069788768335036e-07
385217,1.0,0.1,0.00013954426442714627,8.369509674132104e-07
385478,1.0,0.1,0.0001646590335582159,1.1577802381546653e-06
385633,0.0,0.1,9.912016810107092e-05,6.442400694336468e-07
385904,3.0,0.1,0.00017217334357258533,8.833813993213852e-07
386131,2.0,0.1,0.00014212203242359395,1.0068753161031886e-06
386255,0.0,0.1,7.816758708699794e-05,4.011590471193952e-07
386478,1.0,0.1,0.00014269886411218032,6.456328029998413e-07
386714,3.0,0.1,0.00014974779805932548,9.615865177848804e-07
386931,2.0,0.1,0.00013695283968454043,6.073493124486448e-07
387205,2.0,0.1,0.00017467130445205308,9.667284113149305e-07
387389,0.0,0.1,0.00011689847125240328,6.043084137189791e-07
387664,2.0,0.1,0.00017664047567182833,1.1588452828564064e-06
387852,0.0,0.1,0.00012128081682111626,4.077482295837033e-07
388095,3.0,0.1,0.00015448624668856813,8.490226052148415e-07
388476,4.0,0.1,0.0002473999679755715,1.0907993535193899e-06
388664,1.0,0.1,0.00012076884468873345,4.487094646542792e-07
388832,1.0,0.1,0.00010734057842915013,4.0290742403589426e-07
389003,1.0,0.1,0.00010763492644856238,5.654843720455096e-07
389283,3.0,0.1,0.0001798237516879282,1.179054670598318e-06
389517,2.0,0.1,0.00015152335161116318,7.676394565936143e-07
389834,2.0,0.1,0.00020250576400889918,1.0449548591495155e-06
390100,2.0,0.1,0.00017140824835717877,8.071570129077761e-07
390295,2.0,0.1,0.0001231243656533129,4.841799125295164e-07
390481,2.0,0.1,0.00012011773005962833,5.778750588067448e-07
390716,2.0,0.1,0.00015104205628456012,8.903643898515414e-07
390913,2.0,0.1,0.00012573291624317823,7.603629860892514e-07
391056,0.0,0.1,9.185145278520531e-05,5.618900040107952e-07
391380,2.0,0.1,0.00020698681211025642,1.2599939465375274e-06
391600,0.0,0.1,0.00014194923490133666,9.72387414490311e-07
391877,3.0,0.1,0.0001771154266784004,1.2531908870022593e-06
392102,1.0,0.1,0.0001440560121924095,8.029732533372174e-07
392285,1.0,0.1,0.00011838114653486123,1.0081811577275597e-06
392669,2.0,0.1,0.0002471571740115913,1.4186839297234035e-06
392848,0.0,0.1,0.00011614089266460442,8.486908174874676e-07
393006,0.0,0.1,0.00010020343359373664,4.5016757237831805e-07
393333,4.0,0.1,0.00021132871531366815,1.7086584113019042e-06
393576,2.0,0.1,0.00015724867001988527,7.698646949338236e-07
393721,0.0,0.1,9.251032994404193e-05,6.518571232360369e-07
393930,1.0,0.1,0.000130416209695363,6.747900413608409e-07
394197,2.0,0.1,0.00016840560419489192,1.1520429940847605e-06
394319,0.0,0.1,7.478688659940393e-05,6.301508030679003e-07
394679,2.0,0.1,0.00022463133697206468,9.867067230766812e-07
394829,1.0,0.1,9.491002223708385e-05,6.730978994108499e-07
394951,0.0,0.1,7.478398653339361e-05,1.9957192239661899e-07
395102,1.0,0.1,9.418873214724576e-05,5.104098368534881e-07
395347,3.0,0.1,0.0001519275254002455,9.840292877040138e-07
395629,1.0,0.1,0.00017633300882072695,1.327880162313812e-06
395780,1.0,0.1,9.395890346381366e-05,5.917492627380794e-07
396141,2.0,0.1,0.00022331095154451584,9.086485897866766e-07
396348,0.0,0.1,0.0001281253698080607,7.361780611613369e-07
396526,0.0,0.1,0.00010870458292525682,7.309465399794026e-07
396845,4.0,0.1,0.0001973757697995543,8.618032501300313e-07
396995,0.0,0.1,9.199743446597335e-05,7.81937779120592e-07
397258,2.0,0.1,0.000162976541732054,9.812413631708762e-07
397493,3.0,0.1,0.0001455112670079266,9.813620644108623e-07
397745,3.0,0.1,0.00015529812488983418,6.217410989560912e-07
398032,4.0,0.1,0.0001767471671684257,1.0768957360313843e-06
398222,1.0,0.1,0.00011519211068692625,6.240708567744253e-07
398354,0.0,0.1,8.139747328212327e-05,5.827461176018897e-07
398637,3.0,0.1,0.00017493233414111025,7.790751321459075e-07
398778,0.0,0.1,8.560205079998016e-05,5.409886128001465e-07
399125,5.0,0.1,0.00021172081427330735,1.152881188725989e-06
399315,1.0,0.1,0.00011539511158585663,6.588538633277672e-07
399438,0.0,0.1,7.539410510522128e-05,4.2091700241559996e-07
399560,0.0,0.1,7.602466929124777e-05,3.555859637334413e-07
399789,2.0,0.1,0.00013837425631881925,6.872989204598834e-07
400274,1.0,0.1,0.00029244706457340266,1.6839038269743894e-06
400549,3.0,0.1,0.00016523814178081507,1.028253716043572e-06
400846,1.0,0.1,0.00017695316625500413,6.774377248833833e-07
401017,0.0,0.1,0.0001033809427972849,6.492229534392083e-07
401150,0.0,0.1,7.857376554727583e-05,4.5105874800134824e-07
401468,3.0,0.1,0.00019182337226915375,1.3870008089243768e-06
401641,0.0,0.1,0.00010242556343517506,4.917987848501041e-07
401791,1.0,0.1,8.790174349420583e-05,4.871479098160319e-07
402074,2.0,0.1,0.0001692019977311139,9.048390350515272e-07
402235,0.0,0.1,9.556437080455662e-05,4.978639979945435e-07
402393,0.0,0.1,9.591372556362871e-05,7.21827782067868e-07
402632,1.0,0.1,0.0001436636269621942,7.996055371977924e-07
402813,1.0,0.1,0.0001084975528726748,8.032648371058718e-07
403017,2.0,0.1,0.00012251795541065344,6.141625552756626e-07
403387,1.0,0.1,0.00021973166602774587,1.1279365042779444e-06
403593,1.0,0.1,0.0001235950558855825,5.534413987745436e-07
403889,2.0,0.1,0.00017811634987721458,7.999014008317495e-07
404011,0.0,0.1,7.271956403801846e-05,1.9242338041729997e-07
404181,1.0,0.1,0.0001042934148146761,5.771246717555804e-07
404341,1.0,0.1,9.69617200115169e-05,4.172742831034929e-07
404604,2.0,0.1,0.00016024675277667496,8.078872014958102e-07
404801,2.0,0.1,0.00011821840438804701,9.186191285529005e-07
404924,0.0,0.1,7.565486226926562e-05,5.007528291345199e-07
405046,0.0,0.1,7.210682121634887e-05,4.162453778196371e-07
